Time (s);Horizontal Wave Bending Moment (N.m);Vertical Wave Bending Moment (N.m);Torsional Wave Bending Moment  (N.m)
0.0;43715.8828125;1490903.75;1195.84497070313
0.1;43586.7421875;1452355.5;1005.39916992188
0.2;43176.6796875;1372997.25;821.324584960938
0.3;42483.41796875;1248212.25;620.12158203125
0.4;41526.9765625;1078533.5;367.900146484375
0.5;40309.32421875;870535.125;32.4064331054688
0.6;38828.2421875;636488.375;-404.571350097656
0.7;37088.7578125;392803.6875;-936.434692382813
0.8;35076.87890625;157558.6875;-1527.2119140625
0.9;32789.2109375;-52607.078125;-2112.62255859375
1;30221.970703125;-225311.65625;-2608.3349609375
1.1;27386.10546875;-354768.3125;-2923.57275390625
1.2;24303.5625;-442781.125;-2977.6396484375
1.3;21000.283203125;-498414.5;-2716.60595703125
1.4;17488.15234375;-536471.75;-2126.17211914063
1.5;13848.197265625;-574262.5;-1238.05322265625
1.6;10155.798828125;-628982;-129.433776855469
1.7;6459.212890625;-713767;1085.97705078125
1.8;2720.97192382813;-835319.375;2273.0146484375
1.9;-912.390869140625;-992548.25;3296.22314453125
2;-4475.9306640625;-1176267.25;4037.4306640625
2.1;-7948.74072265625;-1370691.75;4414.23046875
2.2;-11321.638671875;-1555819;4390.6064453125
2.3;-14598.3525390625;-1710551.75;3980.4287109375
2.4;-17766.46484375;-1815954.75;3243.1337890625
2.5;-20865.89453125;-1857948.25;2271.8291015625
2.6;-23799.75;-1828775;1178.57971191406
2.7;-26668.09765625;-1727591.25;75.2594604492188
2.8;-29374.97265625;-1560138.25;-939.9443359375
2.9;-31899.63671875;-1336619.75;-1794.81884765625
3;-34233.421875;-1069774.25;-2448.75341796875
3.1;-36353.75;-772462.625;-2890.77685546875
3.2;-38227.86328125;-455926.5;-3133.7646484375
3.3;-39837.40625;-128749.875;-3204.86767578125
3.4;-41167.03515625;203231.03125;-3135.35498046875
3.5;-42209.15625;536189.75;-2951.99365234375
3.6;-42958.609375;866951.875;-2672.3505859375
3.7;-43409.9453125;1191542.25;-2304.20849609375
3.8;-43566.4453125;1503917.75;-1849.67126464844
3.9;-43413.6953125;1795428.25;-1311.58288574219
4;-42963.65234375;2055113;-701.236694335938
4.1;-42196.40625;2270871.5;-43.990234375
4.2;-41096.76953125;2431288;618.167724609375
4.3;-39686.25390625;2527795.5;1228.89794921875
4.4;-37954.08984375;2556442.5;1724.869140625
4.5;-35902.70703125;2519429;2046.13134765625
4.6;-33557.97265625;2424994;2148.31591796875
4.7;-30964.08203125;2286654;2013.5302734375
4.8;-28144.3203125;2121205.5;1658.2275390625
4.9;-25137.998046875;1945928.25;1133.654296875
5;-21991.330078125;1775559.75;521.264892578125
5.1;-18756.478515625;1619763.75;-78.9581298828125
5.2;-15446.82421875;1481200.25;-564.088439941406
5.3;-12102.330078125;1355192;-846.1767578125
5.4;-8722.970703125;1230493.75;-868.338256835938
5.5;-5316.0009765625;1091545.5;-616.01708984375
5.6;-1884.19348144531;921558.125;-121.441497802734
5.7;1567.99658203125;705973.125;540.280639648438
5.8;5040.4501953125;435650.625;1262.61608886719
5.9;8522.486328125;109136.96875;1925.09252929688
6;11993.58984375;-266475.96875;2413.7685546875
6.1;15419.65625;-676032.5;2639.62109375
6.2;18761.40625;-1098402;2555.7607421875
6.3;21972.8671875;-1509501.5;2163.77783203125
6.4;25002.56640625;-1885869;1514.58178710938
6.5;27808.7578125;-2208087;698.984252929688
6.6;30349.8046875;-2463406;-167.2373046875
6.7;32588.86328125;-2647153.5;-962.83740234375
6.8;34535.90625;-2762753;-1580.4755859375
6.9;36164;-2820296.5;-1943.9443359375
7;37501.7265625;-2834076.5;-2018.21484375
7.1;38565.87109375;-2819652.5;-1813.115234375
7.2;39337.6875;-2790445;-1378.896484375
7.3;39801.609375;-2755852;-795.2265625
7.4;40024.1640625;-2719784;-154.83837890625
7.5;40037.671875;-2680212;451.007080078125
7.6;39755.33203125;-2630331;946.368041992188
7.7;39228.7265625;-2560317;1281.86511230469
7.8;38440.30078125;-2459730;1437.04675292969
7.9;37379.578125;-2319655;1418.71118164063
8;36047.05078125;-2134436;1254.08618164063
8.1;34451.43359375;-1902502.5;980.940551757813
8.2;32601.19921875;-1626260.5;637.626953125
8.3;30511.775390625;-1311140.25;255.188049316406
8.4;28206.662109375;-964139;-146.727783203125
8.5;25710.865234375;-592107.875;-559.500732421875
8.6;23043.076171875;-200552.8125;-981.2958984375
8.7;20230.13671875;207111.84375;-1409.96569824219
8.8;17287.96875;629296.875;-1835.92993164063
8.9;14236.9111328125;1065225;-2236.47631835938
9;11090.0205078125;1513312;-2574.25732421875
9.1;7869.76416015625;1969348.5;-2800.03173828125
9.2;4597.0166015625;2424944.5;-2860.24853515625
9.3;1300.22729492188;2866713.5;-2707.92724609375
9.4;-1980.39672851563;3276468;-2314.27905273438
9.5;-5208.58544921875;3632557;-1679.78735351563
9.6;-8341.001953125;3912267.5;-839.343627929688
9.7;-11316.78125;4094618;136.84619140625
9.8;-14108.044921875;4163776;1149.7392578125
9.9;-16673.72265625;4111083;2084.37890625
10;-18991.837890625;3937764;2826.064453125
10.1;-21045.728515625;3654155.5;3278.8759765625
10.2;-22840.173828125;3279258;3381.4267578125
10.3;-24391.89453125;2838179;3118.0830078125
10.4;-25722.61328125;2358883.5;2522.771484375
10.5;-26853.0234375;1868578.25;1674.7607421875
10.6;-27813.455078125;1390440.5;686.7861328125
10.7;-28618.419921875;941195.25;-312.13720703125
10.8;-29289.048828125;529971.125;-1196.78820800781
10.9;-29822.92578125;158543.8125;-1864.19970703125
11;-30215.15234375;-177059.15625;-2248.482421875
11.1;-30454.353515625;-484096.875;-2328.12890625
11.2;-30530.005859375;-770253;-2126.912109375
11.3;-30432.873046875;-1040961;-1704.47680664063
11.4;-30149.578125;-1297566.75;-1143.78637695313
11.5;-29678.302734375;-1536520.75;-534.37646484375
11.6;-29034.412109375;-1749823.5;43.7886962890625
11.7;-28227.46484375;-1926760;533.330200195313
11.8;-27277.79296875;-2056112;906.276977539063
11.9;-26196.40625;-2128789.5;1164.669921875
12;-25020.0390625;-2140275.5;1333.31213378906
12.1;-23730.57421875;-2091455.5;1451.14575195313
12.2;-22342.115234375;-1989676.5;1555.45544433594
12.3;-20854.13671875;-1847336.25;1672.228515625
12.4;-19258.236328125;-1680055;1806.00390625
12.5;-17545.5703125;-1504079.75;1937.60961914063
12.6;-15710.79296875;-1333554.75;2027.19921875
12.7;-13748.2119140625;-1178310.5;2022.97534179688
12.8;-11656.880859375;-1042413;1873.51049804688
12.9;-9464.41015625;-924138.625;1540.91186523438
13;-7173.75146484375;-816860.25;1012.36376953125
13.1;-4824.4228515625;-711092.375;306.643249511719
13.2;-2435.76123046875;-597151.375;-524.732116699219
13.3;-52.2709350585938;-467633.5625;-1403.69970703125
13.4;2301.2607421875;-319526.125;-2236.36547851563
13.5;4583.826171875;-155517.8125;-2927.94921875
13.6;6789.5498046875;16117.609375;-3397.80078125
13.7;8922.966796875;182613.875;-3591.34130859375
13.8;10977.5576171875;328830.375;-3490.0888671875
13.9;12960.3466796875;439849.375;-3111.81298828125
14;14870.9873046875;503416.375;-2507.04736328125
14.1;16737.42578125;512062.375;-1748.56127929688
14.2;18505.82421875;464573.25;-919.226440429688
14.3;20181.369140625;365197.6875;-97.2402954101563
14.4;21752.220703125;223174.5;654.49853515625
14.5;23187.90625;50849.71875;1295.55932617188
14.6;24477.3515625;-138597.4375;1809.74609375
14.7;25601.041015625;-333107.1875;2200.98413085938
14.8;26544.197265625;-523337.0625;2485.57446289063
14.9;27299.74609375;-703093.25;2682.13525390625
15;27858.283203125;-869036;2802.25927734375
15.1;28221.86328125;-1019479;2844.205078125
15.2;28393.33203125;-1152624.5;2791.22412109375
15.3;28377.49609375;-1264839.25;2615.05224609375
15.4;28164.53515625;-1349370;2284.25439453125
15.5;27765.65625;-1395851.25;1774.38977050781
15.6;27140.310546875;-1391097;1080.32104492188
15.7;26336.05078125;-1319871;224.451904296875
15.8;25301.375;-1169106.75;-740.432861328125
15.9;24044.125;-929284.75;-1732.47412109375
16;22559.60546875;-597622.125;-2650.048828125
16.1;20838.5390625;-179915.4375;-3386.6728515625
16.2;18912.0625;308822.46875;-3847.53515625
16.3;16802.5;845140.5;-3966.015625
16.4;14552.90234375;1399319.5;-3716.92529296875
16.5;12209.849609375;1938652.5;-3123.4248046875
16.6;9831.291015625;2431248;-2255.63671875
16.7;7459.1611328125;2849765;-1221.93493652344
16.8;5140.662109375;3174500.5;-152.723876953125
16.9;2909.45263671875;3395183.5;819.087646484375
17;780.16552734375;3511291;1578.4609375
17.1;-1230.45361328125;3530674.5;2045.5615234375
17.2;-3152.19848632813;3467562.5;2186.6533203125
17.3;-4981.810546875;3338879;2017.751953125
17.4;-6719.81494140625;3161217.5;1599.224609375
17.5;-8383.0703125;2947901.5;1023.3828125
17.6;-9981.56640625;2707241;397.328369140625
17.7;-11513.79296875;2441919;-175.620361328125
17.8;-12969.70703125;2149827;-612.775451660156
17.9;-14330.359375;1825861.25;-863.84521484375
18;-15581.134765625;1464384.5;-916.123168945313
18.1;-16704.453125;1061797.5;-792.218994140625
18.2;-17687.70703125;618599;-541.549926757813
18.3;-18524.5234375;140552.40625;-227.575286865234
18.4;-19210.91796875;-361276.625;86.4040985107422
18.5;-19756.564453125;-871579.375;349.76220703125
18.6;-20175.13671875;-1372739;533.072265625
18.7;-20476.935546875;-1847205;631.233764648438
18.8;-20678.3515625;-2279793;660.550170898438
18.9;-20790.39453125;-2659443.5;651.4521484375
19;-20819.9375;-2980104;638.230590820313
19.1;-20767.06640625;-3240545;648.806884765625
19.2;-20626.822265625;-3443268.5;696.524169921875
19.3;-20392.92578125;-3592736;776.32275390625
19.4;-20060.2109375;-3693373.5;865.819274902344
19.5;-19618.705078125;-3747840.5;931.203674316406
19.6;-19074.08984375;-3755968.5;935.882629394531
19.7;-18416.24609375;-3714463.5;851.872375488281
19.8;-17666.861328125;-3617929;666.935791015625
19.9;-16832.609375;-3460302;390.829467773438
20;-15928.9169921875;-3236992.5;55.2239990234375
20.1;-14972.8349609375;-2946800.5;-291.45654296875
20.2;-13969.7724609375;-2593426.5;-592.84765625
20.3;-12926.91015625;-2186084;-797.626708984375
20.4;-11838.025390625;-1738959;-870.37353515625
20.5;-10697.01171875;-1269687.25;-800.825805664063
20.6;-9492.412109375;-797061.125;-607.866394042969
20.7;-8214.431640625;-338348.4375;-337.450714111328
20.8;-6851.8193359375;93117.71875;-54.6328735351563
20.9;-5407.4453125;489662.25;169.077270507813
21;-3885.83422851563;849909.25;270.34228515625
21.1;-2302.47802734375;1178115.75;208.064819335938
21.2;-678.278564453125;1482420.5;-26.6021728515625
21.3;956.711669921875;1772183.5;-406.221130371094
21.4;2576.3564453125;2055101;-870.109741210938
21.5;4163.60498046875;2334589;-1334.33349609375
21.6;5699.521484375;2607935;-1706.77490234375
21.7;7172.453125;2865829.5;-1904.7177734375
21.8;8585.5546875;3093215.5;-1871.23388671875
21.9;9950.4892578125;3271422.5;-1587.47216796875
22;11276.9921875;3381295;-1078.24487304688
22.1;12555.751953125;3406510.5;-409.60693359375
22.2;13859.2646484375;3336867.5;321.69091796875
22.3;15141.0390625;3170372;1003.40087890625
22.4;16416.6328125;2914257.5;1528.36572265625
22.5;17660.396484375;2584390;1811.99365234375
22.6;18843.044921875;2203242.5;1807.7197265625
22.7;19932.251953125;1796861.25;1515.02587890625
22.8;20886.87109375;1391298.25;979.829467773438
22.9;21677.794921875;1009155.375;286.601196289063
23;22274.13671875;666878;-455.941101074219
23.1;22649.078125;373230.375;-1132.84692382813
23.2;22801.51953125;129083.421875;-1641.65405273438
23.3;22733.794921875;-71412.734375;-1906.8310546875
23.4;22456.70703125;-238678.75;-1891.990234375
23.5;21989.515625;-384981.25;-1601.74951171875
23.6;21344.04296875;-521737;-1078.09594726563
23.7;20563.9921875;-657314.5;-390.556518554688
23.8;19645.478515625;-795858;376.72802734375
23.9;18600.80859375;-937008;1139.45275878906
24;17446.6796875;-1076778.25;1825.3369140625
24.1;16205.388671875;-1209052;2381.99755859375
24.2;14852.28125;-1327369.75;2779.59716796875
24.3;13403.3955078125;-1426673;3009.154296875
24.4;11870.08984375;-1504336.75;3076.2607421875
24.5;10259.3330078125;-1560529.25;2993.2578125
24.6;8574.6513671875;-1597644;2771.87890625
24.7;6867.9580078125;-1619126;2418.87744140625
24.8;5084.03271484375;-1627606.5;1934.01489257813
24.9;3371.31591796875;-1623661;1315.38513183594
25;1518.85974121094;-1605294.5;562.344116210938
25.1;-255.134033203125;-1566899.75;-311.534912109375
25.2;-2025.88696289063;-1500522.75;-1275.4267578125
25.3;-3769.353515625;-1397493.5;-2276.3974609375
25.4;-5533.21875;-1250725.75;-3238.654296875
25.5;-7279.724609375;-1056935;-4070.24951171875
25.6;-9045.5546875;-818645.75;-4674.6591796875
25.7;-10793.341796875;-545232.25;-4965.615234375
25.8;-12509.54296875;-252736.6875;-4881.3056640625
25.9;-14168.89453125;37555.03125;-4398.30517578125
26;-15734.7021484375;301631.875;-3539.4072265625
26.1;-17149.765625;516128.375;-2374.63818359375
26.2;-18424.099609375;661768.75;-1015.21105957031
26.3;-19514.869140625;726062.375;401.0400390625
26.4;-20329.6875;705941.5;1727.81201171875
26.5;-20987.875;607977;2829.763671875
26.6;-21405.91796875;447449.9375;3603.48486328125
26.7;-21597.470703125;246265.25;3989.8486328125
26.8;-21607.83984375;29719.453125;3981.20751953125
26.9;-21462.771484375;-177072.65625;3619.96044921875
27;-21194.8984375;-352550.625;2988.9267578125
27.1;-20841.216796875;-481231.5;2195.68774414063
27.2;-20387.1640625;-555011.375;1354.43115234375
27.3;-19944.2734375;-573301.625;566.541625976563
27.4;-19336.65625;-541308.625;-91.5348663330078
27.5;-18642.48828125;-468235.75;-580.146606445313
27.6;-17852.765625;-364427.0625;-895.37451171875
27.7;-16971.966796875;-238966.3125;-1064.04467773438
27.8;-15982.7275390625;-97869.53125;-1132.06665039063
27.9;-14890.5947265625;56584.21484375;-1150.8212890625
28;-13701.677734375;225449.75;-1163.37915039063
28.1;-12431.0673828125;411657.5;-1194.05859375
28.2;-11093.322265625;617947.375;-1243.30395507813
28.3;-9703.8984375;844610.625;-1288.93786621094
28.4;-8276.865234375;1087675;-1293.07568359375
28.5;-6820.66845703125;1337923.25;-1213.1552734375
28.6;-5332.05126953125;1581031;-1014.29663085938
28.7;-3810.92138671875;1798871;-680.8544921875
28.8;-2259.81225585938;1971819.75;-223.292846679688
28.9;-630.45068359375;2081400.5;320.2685546875
29;1056.89624023438;2113429;888.138427734375
29.1;2803.04931640625;2060195.5;1405.43530273438
29.2;4606.88134765625;1921415.5;1797.3291015625
29.3;6453.11767578125;1704819;2002.8935546875
29.4;8318.115234375;1424701;1987.10205078125
29.5;10166.48046875;1099814.25;1747.88232421875
29.6;11965.953125;750605.25;1317.11181640625
29.7;13679.18359375;396395.625;756.431396484375
29.8;15266.1220703125;53049.640625;144.993576049805
29.9;16707.533203125;-268501.1875;-433.211669921875
30;17987.94921875;-562617.75;-903.958251953125
30.1;19089.734375;-828163.375;-1214.9052734375
30.2;20009.193359375;-1066936;-1342.7568359375
30.3;20748.865234375;-1281607.5;-1295.02075195313
30.4;21312.14453125;-1473755;-1105.29248046875
30.5;21698.17578125;-1642384.75;-824.17529296875
30.6;21904.0625;-1783345.75;-507.3818359375
30.7;21934.51171875;-1889666.25;-203.85498046875
30.8;21782.9609375;-1952967;54.34326171875
30.9;21436.826171875;-1965350.75;255.304565429688
31;20900.390625;-1921122.75;407.744506835938
31.1;20179.41015625;-1819155;535.0869140625
31.2;19270.076171875;-1663443.25;665.483154296875
31.3;18195.515625;-1463178;821.825317382813
31.4;16979.541015625;-1231661.25;1011.78601074219
31.5;15648.625;-984307.25;1222.10095214844
31.6;14234.841796875;-736187.625;1418.33874511719
31.7;12761.12109375;-499510.375;1549.88342285156
31.8;11254.5234375;-281676.1875;1560.49755859375
31.9;9733.1162109375;-84348.34375;1401.07214355469
32;8199.5859375;96404.03125;1042.72839355469
32.1;6653.1865234375;268592.5625;487.419250488281
32.2;5094.95703125;442051.125;-227.274322509766
32.3;3521.3486328125;625480;-1029.88244628906
32.4;1918.02124023438;823793.25;-1823.82495117188
32.5;292.038818359375;1035938.75;-2501.71411132813
32.6;-1355.12670898438;1254045.5;-2963.2431640625
32.7;-3000.89575195313;1463778;-3132.81225585938
32.8;-4622.35205078125;1646186.5;-2972.783203125
32.9;-6192.5556640625;1780500.25;-2493.4208984375
33;-7674.75732421875;1847733.75;-1751.83374023438
33.1;-9067.50390625;1833312.25;-844.218444824219
33.2;-10278.333984375;1731274.75;109.079345703125
33.3;-11332.728515625;1544023.75;981.524658203125
33.4;-12224.6484375;1283397.75;1662.4775390625
33.5;-12962.58203125;968846.5;2072.5615234375
33.6;-13569.724609375;624809.25;2176.224609375
33.7;-14069.41015625;277328.25;1985.66528320313
33.8;-14485.236328125;-49546.328125;1556.48193359375
33.9;-14843.53515625;-336738.6875;976.266479492188
34;-15155.6572265625;-572147.75;348.579284667969
34.1;-15427.0751953125;-751458.25;-225.231170654297
34.2;-15662.47265625;-877441.75;-662.430541992188
34.3;-15849.2509765625;-958255.625;-910.703369140625
34.4;-15972.765625;-1004987.25;-953.90673828125
34.5;-16014.91015625;-1028998.25;-810.73291015625
34.6;-15991.8486328125;-1039703.25;-527.21484375
34.7;-15831.498046875;-1042997.5;-165.427795410156
34.8;-15526.3935546875;-1040570;210.972839355469
34.9;-15192.3544921875;-1031170;545.186645507813
35;-14719.796875;-1011024.625;801.679382324219
35.1;-14132.44921875;-976156.75;963.397216796875
35.2;-13455.87890625;-923817.875;1033.94018554688
35.3;-12702.59765625;-853825.25;1030.39123535156
35.4;-11876.755859375;-768999.75;975.210693359375
35.5;-10983.6552734375;-674798.125;887.736572265625
35.6;-10022.037109375;-578044.375;777.988647460938
35.7;-8988.0185546875;-485332.3125;644.001647949219
35.8;-7883.8212890625;-401258.5625;473.670989990234
35.9;-6718.7314453125;-327045.1875;250.306701660156
36;-5516.228515625;-259938.3125;-39.0638427734375
36.1;-4251.4228515625;-193550.03125;-395.119018554688
36.2;-2984.67163085938;-119121.6875;-800.552978515625
36.3;-1718.16748046875;-27446.8046875;-1217.03588867188
36.4;-472.949829101563;88596.03125;-1588.46069335938
36.5;723.183654785156;232168.78125;-1848.884765625
36.6;1859.70874023438;400873.875;-1934.36694335938
36.7;2938.533203125;586331.375;-1796.64575195313
36.8;3964.66259765625;775052.25;-1415.53125
36.9;4942.2783203125;950334.375;-807.738403320313
37;5898.271484375;1094994.25;-29.1827392578125
37.1;6844.88037109375;1194574.75;829.453002929688
37.2;7806.35009765625;1239919.5;1654.4375
37.3;8762.5546875;1229398.25;2325.4853515625
37.4;9728.7890625;1169576;2735.408203125
37.5;10674.6279296875;1074368.75;2808.03955078125
37.6;11590.759765625;962973.875;2512.5947265625
37.7;12446.9091796875;856836.625;1870.51245117188
37.8;13216.884765625;775822.375;953.993530273438
37.9;13873.166015625;734938.875;-123.672790527344
38;14401.244140625;741555.25;-1224.892578125
38.1;14714.619140625;794260.75;-2208.98291015625
38.2;14880.966796875;882337.875;-2951.69580078125
38.3;14886.578125;988092;-3364.9326171875
38.4;14765.3671875;1089233.25;-3407.54443359375
38.5;14542.6494140625;1162391.75;-3089.4814453125
38.6;14275.6611328125;1186876.25;-2467.0966796875
38.7;13903.55859375;1146980.5;-1631.89868164063
38.8;13541.9052734375;1034663.5;-692.862731933594
38.9;13155.16015625;849728.75;240.218994140625
39;12742.517578125;599212;1073.787109375
39.1;12305.3564453125;295504.625;1742.28637695313
39.2;11828;-46003.5703125;2213.36645507813
39.3;11305.6484375;-409443.5;2486.77734375
39.4;10721.498046875;-780630.25;2587.17553710938
39.5;10068.0595703125;-1148288;2553.326171875
39.6;9342.8330078125;-1504447.75;2426.24487304688
39.7;8545.23828125;-1843676.75;2238.841796875
39.8;7683.798828125;-2161850;2009.51013183594
39.9;6764.0771484375;-2454427.5;1740.59838867188
40;5789.236328125;-2714930;1421.66064453125
40.1;4778.28564453125;-2934248.5;1037.9951171875
40.2;3704.03540039063;-3100322.5;578.310180664063
40.3;2578.94580078125;-3199537.5;43.52880859375
40.4;1395.0634765625;-3218050;-546.543212890625
40.5;126.955322265625;-3144485.5;-1153.4404296875
40.6;-1201.04565429688;-2971813;-1721.84423828125
40.7;-2591.18383789063;-2699304.5;-2190.849609375
40.8;-4043.66162109375;-2333404;-2503.083984375
40.9;-5537.4267578125;-1887535.5;-2618.34521484375
41;-7048.0107421875;-1380781.75;-2520.0380859375
41.1;-8543.439453125;-835634.75;-2222.23071289063
41.2;-9989.69921875;-275383.875;-1768.46728515625
41.3;-11356.099609375;278670.8125;-1225.13452148438
41.4;-12611.353515625;809312.75;-670.161560058594
41.5;-13736.49609375;1304586.75;-179.20166015625
41.6;-14716.861328125;1757949.75;188.005981445313
41.7;-15544.5712890625;2167209;398.593505859375
41.8;-16221.091796875;2532693.5;451.979248046875
41.9;-16749.912109375;2854969.5;379.106689453125
42;-17135.265625;3132687;235.193359375
42.1;-17376.087890625;3361204;87.98388671875
42.2;-17471.7734375;3531932.5;1.57421875
42.3;-17412.28515625;3633182.5;24.4287109375
42.4;-17215.140625;3651780.5;176.864501953125
42.5;-16816.234375;3575774;446.810302734375
42.6;-16232.9501953125;3396952;790.9384765625
42.7;-15454.2529296875;3113404;1143.2490234375
42.8;-14483.83984375;2731153.5;1428.4267578125
42.9;-13338.611328125;2264432;1577.33544921875
43;-12045.2578125;1734788.25;1542.19946289063
43.1;-10637.970703125;1168789.75;1307.48315429688
43.2;-9154.6953125;595002.625;894.994873046875
43.3;-7638.27001953125;40502.03125;361.432373046875
43.4;-6125.2939453125;-472187;-210.760498046875
43.5;-4650.1591796875;-927424;-728.028564453125
43.6;-3229.7412109375;-1317504.75;-1102.52270507813
43.7;-1877.04174804688;-1642269.25;-1268.482421875
43.8;-592.4296875;-1907583.75;-1194.38720703125
43.9;627.062255859375;-2122706;-889.1044921875
44;1793.35021972656;-2297380;-400.365966796875
44.1;2911.26049804688;-2439067.5;193.318359375
44.2;3990.62451171875;-2551042.5;798.207885742188
44.3;5029.84130859375;-2631409;1319.79296875
44.4;6014.58203125;-2673530.5;1680.40295410156
44.5;6935.5615234375;-2667587.5;1831.76574707031
44.6;7791.34423828125;-2602988;1761.9892578125
44.7;8551.35546875;-2470915.5;1494.99658203125
44.8;9196.25390625;-2266882;1084.29956054688
44.9;9722.650390625;-1992290;600.944213867188
45;10128.73046875;-1655026.25;119.1845703125
45.1;10412.7783203125;-1268852;-297.654174804688
45.2;10597.296875;-851733.875;-607.836181640625
45.3;10694.048828125;-423441.9375;-796.9404296875
45.4;10724.740234375;-2940.05859375;-877.38134765625
45.5;10707.08984375;393890.125;-882.318542480469
45.6;10656.1279296875;755870.625;-855.449401855469
45.7;10577.091796875;1076994.25;-839.21728515625
45.8;10472.845703125;1355943.5;-864.037475585938
45.9;10343.310546875;1594651.75;-940.777587890625
46;10178.392578125;1796324.25;-1058.44897460938
46.1;9972.658203125;1963412.5;-1187.16320800781
46.2;9720.208984375;2096022;-1285.79711914063
46.3;9422.86328125;2191079.5;-1312.27233886719
46.4;9090.171875;2242492;-1235.27770996094
46.5;8774.470703125;2242034;-1041.50329589844
46.6;8387.283203125;2182092.5;-742.316162109375
46.7;7993.1064453125;2056513;-370.84326171875
46.8;7602.55224609375;1863339.25;22.7967529296875
46.9;7227.59326171875;1605958.25;381.946044921875
47;6860.81396484375;1293469.5;655.356689453125
47.1;6493.50390625;939862;808.5673828125
47.2;6110.6455078125;562389.125;831.86083984375
47.3;5697.36865234375;179100.71875;743.098388671875
47.4;5235.46435546875;-193702.0625;584.751403808594
47.5;4712.05517578125;-543642.875;415.048706054688
47.6;4124.34375;-863742.75;295.611083984375
47.7;3470.60620117188;-1152651.75;277.403137207031
47.8;2760.64306640625;-1413838.25;388.897521972656
47.9;2008.470703125;-1653596.75;627.754150390625
48;1236.89916992188;-1878519.5;959.157409667969
48.1;456.345458984375;-2092815.5;1321.40954589844
48.2;-312.852294921875;-2296120;1635.93212890625
48.3;-1069.87084960938;-2482282;1823.09326171875
48.4;-1804.53515625;-2639337;1818.33569335938
48.5;-2537.19189453125;-2750843;1585.96801757813
48.6;-3282.88818359375;-2798286;1128.63439941406
48.7;-4108.32666015625;-2764412;489.033569335938
48.8;-4909.599609375;-2635926.5;-254.24560546875
48.9;-5774.55908203125;-2406786.5;-1001.42504882813
49;-6677.67724609375;-2079539.5;-1646.16552734375
49.1;-7626.00244140625;-1665597.75;-2095.42138671875
49.2;-8593.4326171875;-1184221.5;-2284.939453125
49.3;-9550.67578125;-659944.75;-2191.30078125
49.4;-10463.90625;-119442.5;-1835.66845703125
49.5;-11298.1337890625;411914;-1280.61303710938
49.6;-12022.4306640625;913147.75;-618.8330078125
49.7;-12613.369140625;1369740.75;42.927978515625
49.8;-13056.4248046875;1774552.75;602.09765625
49.9;-13341.6259765625;2127259.5;977.39892578125
50;-13477.7890625;2432638;1121.5458984375
50.1;-13476.0947265625;2698065;1026.99462890625
50.2;-13352.84375;2930715.5;725.617431640625
50.3;-13126.3203125;3135146.5;280.20654296875
50.4;-12794.4501953125;3311576;-228.33740234375
50.5;-12385.9248046875;3455298;-716.357788085938
50.6;-11877.4921875;3557339.5;-1111.796875
50.7;-11273.7255859375;3605962;-1365.36083984375
50.8;-10574.681640625;3588964.5;-1456.31103515625
50.9;-9758.169921875;3496049.5;-1392.02490234375
51;-8828.1669921875;3320834;-1202.41796875
51.1;-7787.39892578125;3062130;-930.272216796875
51.2;-6637.90771484375;2724246.5;-620.37255859375
51.3;-5398.86279296875;2316315;-309.742065429688
51.4;-4085.60131835938;1850733.5;-20.9034423828125
51.5;-2721.4091796875;1341382.5;240.25732421875
51.6;-1328.92431640625;801646.875;481.399658203125
51.7;70.8900451660156;243141.375;717.909423828125
51.8;1461.97143554688;-325081.1875;964.194702148438
51.9;2829.82885742188;-896193.125;1225.5458984375
52;4165.404296875;-1464626;1492.90563964844
52.1;5461.4775390625;-2024469.75;1741.07958984375
52.2;6708.927734375;-2567938;1932.32666015625
52.3;7895.6630859375;-3084129;2023.93969726563
52.4;9006.6796875;-3558552;1978.5869140625
52.5;10021.408203125;-3973606.5;1775.0009765625
52.6;10918.130859375;-4310191;1416.01098632813
52.7;11671.4765625;-4549941;933.789672851563
52.8;12255.0849609375;-4677986;386.89794921875
52.9;12620.724609375;-4685704;-147.08349609375
53;12822.3505859375;-4571747;-583.4296875
53.1;12834.4609375;-4344174;-847.1015625
53.2;12670.431640625;-4018930;-887.21240234375
53.3;12348.1474609375;-3618216.5;-689.08740234375
53.4;11905.12109375;-3167543;-280.718994140625
53.5;11370.755859375;-2692269.5;270.076538085938
53.6;10781.134765625;-2214069;862.504272460938
53.7;10165.908203125;-1748216;1380.0224609375
53.8;9539.0927734375;-1301992.25;1708.90698242188
53.9;8910.58984375;-874551.375;1758.38427734375
54;8275.76171875;-458254.125;1477.50048828125
54.1;7625.28564453125;-41364.125;864.953125
54.2;6939.3564453125;388668.8125;-28.0611572265625
54.3;6198.08837890625;841661.875;-1104.41259765625
54.4;5400.35302734375;1321788.5;-2235.18432617188
54.5;4532.81689453125;1825671;-3278.95825195313
54.6;3601.623046875;2341849;-4103.24951171875
54.7;2621.9716796875;2851826;-4603.6611328125
54.8;1618.10009765625;3332246.5;-4718.748046875
54.9;619.9697265625;3758046.5;-4436.86083984375
55;-340.07421875;4105703;-3795.42041015625
55.1;-1232.77026367188;4356326;-2872.23315429688
55.2;-2013.94812011719;4497700;-1771.177734375
55.3;-2648.90258789063;4525561;-606.352294921875
55.4;-3232.60473632813;4442497;515.47509765625
55.5;-3696.52685546875;4257829;1508.1279296875
55.6;-4069.931640625;3984775.5;2311.9794921875
55.7;-4347.50732421875;3638215.5;2898.4375
55.8;-4552.56884765625;3232781.5;3264.5810546875
55.9;-4693.9365234375;2781484;3425.6513671875
56;-4780.9697265625;2295169.5;3405.98876953125
56.1;-4821.0283203125;1782861.25;3230.376953125
56.2;-4817.98779296875;1252814.5;2918.18994140625
56.3;-4776.5068359375;713824.75;2482.07446289063
56.4;-4698.67333984375;176399.53125;1930.28002929688
56.5;-4600.8330078125;-346567.9375;1272.3466796875
56.6;-4492.55712890625;-839976.5;526.421936035156
56.7;-4382.23486328125;-1287511.5;-274.884033203125
56.8;-4298.484375;-1673533.75;-1080.78369140625
56.9;-4258.91650390625;-1985161.25;-1824.2373046875
57;-4262.93408203125;-2214556.5;-2427.68359375
57.1;-4331.79931640625;-2360519;-2813.9697265625
57.2;-4452.07275390625;-2429251.5;-2918.76416015625
57.3;-4611.85595703125;-2433937.5;-2703.8525390625
57.4;-4779.62353515625;-2392828;-2167.564453125
57.5;-4958.94287109375;-2327009.5;-1347.9404296875
57.6;-5076.52099609375;-2257197;-323.51708984375
57.7;-5152.6591796875;-2200631;795.901672363281
57.8;-5077.1826171875;-2168190.5;1884.4873046875
57.9;-5002.5869140625;-2163358.5;2815.576171875
58;-4920.16015625;-2181499.5;3482.341796875
58.1;-4697.12109375;-2211823;3813.3740234375
58.2;-4385.5859375;-2238701.5;3779.958984375
58.3;-4063.2509765625;-2245373.5;3400.298828125
58.4;-3690.13525390625;-2216320;2735.06689453125
58.5;-3351.43115234375;-2140574.5;1874.62390136719
58.6;-3000.63427734375;-2012804.75;924.395141601563
58.7;-2674.916015625;-1833970.5;-13.7005615234375
58.8;-2396.26220703125;-1610645.5;-856.138427734375
58.9;-2153.0283203125;-1353019.5;-1548.1943359375
59;-1913.05590820313;-1072602.5;-2068.52001953125
59.1;-1683.55737304688;-779708.625;-2426.79833984375
59.2;-1454.55773925781;-481542.5;-2654.623046875
59.3;-1222.67663574219;-181139.5625;-2793.33374023438
59.4;-992.163696289063;122561.1875;-2880.58227539063
59.5;-767.076416015625;433468.6875;-2938.73999023438
59.6;-558.587524414063;756345.875;-2968.45874023438
59.7;-376.577392578125;1094308;-2947.59375
59.8;-226.721801757813;1446593;-2836.93408203125
59.9;-111.349853515625;1806950;-2590.61962890625
60;-22.970458984375;2163096;-2169.55688476563
60.1;55.86474609375;2497537.5;-1554.3642578125
60.2;147.065185546875;2789469.5;-755.467407226563
60.3;285.13525390625;3017684;182.62548828125
60.4;497.44140625;3163609.5;1183.62451171875
60.5;778.206787109375;3214308.5;2148.39453125
60.6;1157.48168945313;3164690;2969.8994140625
60.7;1653.00439453125;3018711;3548.490234375
60.8;2229.57690429688;2788300;3810.544921875
60.9;2880.46704101563;2492050;3720.4580078125
61;3575.20458984375;2152454;3286.28466796875
61.1;4280.6376953125;1792598.75;2561.5859375
61.2;4964.5126953125;1433005.75;1636.1103515625
61.3;5605.6318359375;1089160.5;622.737060546875
61.4;6166.62109375;770089;-359.774658203125
61.5;6632.384765625;478153.875;-1203.54418945313
61.6;7020.39599609375;209986.25;-1826.15283203125
61.7;7319.291015625;-41505.5859375;-2180.16455078125
61.8;7538.65283203125;-284750.4375;-2255.86694335938
61.9;7687.5849609375;-527257.625;-2077.748046875
62;7774.7783203125;-773698.5;-1695.68408203125
62.1;7808.501953125;-1024986.5;-1173.24438476563
62.2;7788.9765625;-1278240.25;-575.5068359375
62.3;7706.5087890625;-1527723.5;40.527099609375
62.4;7569.77978515625;-1766261.75;634.5166015625
62.5;7376.9033203125;-1986942.5;1179.60131835938
62.6;7113.28076171875;-2184593.5;1663.79931640625
62.7;6789.67822265625;-2356516.5;2079.8486328125
62.8;6409.23486328125;-2502507;2420.13500976563
62.9;5978.41015625;-2623942;2669.318359375
63;5495.01953125;-2722358;2802.49267578125
63.1;4983.328125;-2797601.5;2785.41967773438
63.2;4470.4228515625;-2846298;2581.55712890625
63.3;3921.41772460938;-2861149.5;2160.06225585938
63.4;3370.0400390625;-2830420.5;1507.73120117188
63.5;2732.28833007813;-2739785;637.149658203125
63.6;2057.50830078125;-2574095;-405.891357421875
63.7;1301.130859375;-2320075.5;-1543.74267578125
63.8;461.43359375;-1969432;-2672.15673828125
63.9;-482.648559570313;-1521272.75;-3672.99755859375
64;-1524.19873046875;-983725.5;-4430.08544921875
64.1;-2642.650390625;-374126.1875;-4847.54052734375
64.2;-3818.8857421875;282087.5;-4865.634765625
64.3;-5015.92724609375;953848;-4471.94140625
64.4;-6196.15234375;1608036;-3705.76806640625
64.5;-7309.72314453125;2213136.5;-2653.73388671875
64.6;-8321.3828125;2742873.5;-1438.45141601563
64.7;-9190.609375;3178816;-199.89794921875
64.8;-9910.6796875;3511795.5;924.4208984375
64.9;-10466.9150390625;3741692;1820.318359375
65;-10849.87109375;3875999;2412.31298828125
65.1;-11076.1796875;3927157;2673.0693359375
65.2;-11149.318359375;3909371;2624.103515625
65.3;-11105.9013671875;3835248.5;2328.7724609375
65.4;-10960.0947265625;3713947;1878.0908203125
65.5;-10708.82421875;3549482;1373.1953125
65.6;-10364.1611328125;3340738.5;907.12060546875
65.7;-9923.94140625;3082767.5;549.31689453125
65.8;-9379.724609375;2768950.5;335.94140625
65.9;-8723.359375;2393581.5;265.98388671875
66;-7952.64990234375;1954416;310.263427734375
66.1;-7066.302734375;1454506;414.54833984375
66.2;-6072.35888671875;903048.25;517.993408203125
66.3;-4989.22509765625;315041.0625;566.91552734375
66.4;-3841.30517578125;-290212.5;525.544494628906
66.5;-2658.99560546875;-891400.125;383.863830566406
66.6;-1474.18933105469;-1467769.5;158.8134765625
66.7;-316.213134765625;-2001653.5;-110.58837890625
66.8;786.614013671875;-2480169;-372.20751953125
66.9;1814.12854003906;-2896192;-572.78955078125
67;2756.84326171875;-3248041.5;-669.30908203125
67.1;3607.15112304688;-3538256.5;-638.05908203125
67.2;4367.84033203125;-3771824.5;-477.989990234375
67.3;5042.8642578125;-3953987.5;-211.785888671875
67.4;5632.21826171875;-4088520;122.075927734375
67.5;6139.5595703125;-4176555;476.244140625
67.6;6568.685546875;-4216221;806.102172851563
67.7;6877.69140625;-4203265;1077.90759277344
67.8;7129.72509765625;-4132772;1275.98608398438
67.9;7275.6103515625;-4000322.5;1401.83654785156
68;7319.6845703125;-3804134;1471.95190429688
68.1;7263.88037109375;-3546121;1509.85302734375
68.2;7114.1484375;-3232286;1536.64404296875
68.3;6883.212890625;-2872186.5;1561.74462890625
68.4;6589.88134765625;-2477437;1576.74682617188
68.5;6251.763671875;-2059626;1553.5078125
68.6;5885.61181640625;-1628141.5;1448.44921875
68.7;5507.3759765625;-1188249.75;1208.26672363281
68.8;5119.47802734375;-740079.625;789.033996582031
68.9;4721.9033203125;-278579.625;160.461517333984
69;4308.609375;205140.84375;-675.220092773438
69.1;3860.189453125;721573.25;-1679.75219726563
69.2;3375.76293945313;1279816.5;-2777.6025390625
69.3;2818.45947265625;1884530.75;-3862.1875
69.4;2190.01440429688;2533322;-4811.1533203125
69.5;1490.865234375;3215166;-5500.8994140625
69.6;734.0830078125;3910168.5;-5827.96875
69.7;-57.9677734375;4590962;-5725.921875
69.8;-851.96337890625;5225103;-5177.42626953125
69.9;-1606.52294921875;5778898;-4219.48583984375
70;-2276.65185546875;6221086;-2938.93017578125
70.1;-2829.88916015625;6526533;-1461.93090820313
70.2;-3262.0107421875;6678812;65.6591796875
70.3;-3557.41333007813;6671596;1496.82421875
70.4;-3658.158203125;6508711;2705.3046875
70.5;-3611.23681640625;6202299;3601.19921875
70.6;-3422.82373046875;5770406;4140.96484375
70.7;-3120.29077148438;5233845;4328.6611328125
70.8;-2730.06494140625;4613225;4210.7041015625
70.9;-2275.84643554688;3926460.5;3864.19921875
71;-1778.07995605469;3187506;3377.92724609375
71.1;-1251.04309082031;2406155;2838.349609375
71.2;-700.977905273438;1589015.5;2315.03759765625
71.3;-132.492492675781;741251.5;1851.23168945313
71.4;450.504516601563;-131258.75;1463.1298828125
71.5;1046.28271484375;-1020041.25;1140.8076171875
71.6;1643.98486328125;-1912679.75;858.073608398438
71.7;2232.65185546875;-2792528.5;584.971557617188
71.8;2793.0546875;-3639267;296.4013671875
71.9;3305.60864257813;-4430798;-17.36767578125
72;3741.158203125;-5145282;-347.49609375
72.1;4081.271484375;-5763582;-667.1298828125
72.2;4303.6953125;-6271302;-938.10205078125
72.3;4395.9072265625;-6659953;-1119.15625
72.4;4354.19482421875;-6927355;-1178.60693359375
72.5;4181.0087890625;-7076765;-1100.7314453125
72.6;3879.26953125;-7115243;-892.6015625
72.7;3481.03271484375;-7051666;-585.4892578125
72.8;2996.38842773438;-6894422;-228.482421875
72.9;2429.69946289063;-6649846;119.19189453125
73;1795.6455078125;-6321324;400.231689453125
73.1;1099.92041015625;-5909455;570.52001953125
73.2;346.02978515625;-5413137;607.936279296875
73.3;-465.1767578125;-4831361;516.9873046875
73.4;-1333.1767578125;-4165348;327.4521484375
73.5;-2251.8896484375;-3420424.5;87.91943359375
73.6;-3210.93823242188;-2607295.5;-145.249267578125
73.7;-4192.5009765625;-1742286.25;-320.495483398438
73.8;-5172.833984375;-846579.75;-403.458374023438
73.9;-6123.326171875;55760.7421875;-384.830810546875
74;-7010.79736328125;940245.25;-284.265014648438
74.1;-7803.322265625;1784724.5;-146.928955078125
74.2;-8476.111328125;2571831.5;-34.66357421875
74.3;-9010.181640625;3290500.5;-12.943603515625
74.4;-9396.484375;3936491;-136.013916015625
74.5;-9634.4873046875;4511565;-433.75
74.6;-9735.5283203125;5021549;-902.56494140625
74.7;-9712.126953125;5473735;-1502.47094726563
74.8;-9582.5107421875;5873965;-2161.31811523438
74.9;-9361.1142578125;6224261;-2785.71899414063
75;-9058.3388671875;6521163;-3276.2314453125
75.1;-8676.765625;6755426;-3544.65795898438
75.2;-8209.5703125;6912873;-3529.52026367188
75.3;-7661.8662109375;6976521;-3207.62353515625
75.4;-7032.71826171875;6929669;-2597.91064453125
75.5;-6251.6865234375;6758656;-1759.63696289063
75.6;-5326.9384765625;6455901;-781.481201171875
75.7;-4261.861328125;6021503;232.52490234375
75.8;-3081.9541015625;5464005;1180.56298828125
75.9;-1795.29821777344;4799592;1979.5390625
76;-432.70166015625;4050158;2576.7099609375
76.1;975.50439453125;3240525.5;2956.267578125
76.2;2390.89819335938;2395492.5;3137.974609375
76.3;3780.56323242188;1537108;3168.64501953125
76.4;5116.53369140625;682696.75;3110.36376953125
76.5;6377.5146484375;-155876.0625;3024.81372070313
76.6;7552.54248046875;-971790.5;2960.49609375
76.7;8634.1123046875;-1761756;2940.5205078125
76.8;9624.642578125;-2523791;2960.36767578125
76.9;10521.88671875;-3254900;2987.63916015625
77;11326.80078125;-3949028;2971.41650390625
77.1;12032.8662109375;-4595831;2854.07885742188
77.2;12630.501953125;-5180583;2585.24267578125
77.3;13101.26953125;-5685170;2134.14599609375
77.4;13427.109375;-6090106;1498.65771484375
77.5;13600.6298828125;-6377173;708.09912109375
77.6;13575.748046875;-6532057;-180.34521484375
77.7;13386.900390625;-6546528;-1089.62939453125
77.8;12979.158203125;-6419747;-1936.4521484375
77.9;12342.88671875;-6158900;-2644.095703125
78;11539.224609375;-5777725;-3155.3388671875
78.1;10564.642578125;-5295096;-3440.2158203125
78.2;9457.095703125;-4732399;-3499.1728515625
78.3;8243.765625;-4111202;-3360.1015625
78.4;6952.00537109375;-3451069.5;-3070.6123046875
78.5;5608.53564453125;-2768219.5;-2686.74853515625
78.6;4234.8935546875;-2075285;-2261.1337890625
78.7;2845.07275390625;-1381797.25;-1834.455078125
78.8;1452.75659179688;-695552.25;-1429.09814453125
78.9;70.35791015625;-24200.78515625;-1047.11279296875
79;-1290.49597167969;623296;-675.859252929688
79.1;-2616.07177734375;1235686;-296.122314453125
79.2;-3888.390625;1799392.25;108.56640625
79.3;-5083.9033203125;2299307.5;542.195556640625
79.4;-6179.7412109375;2720537;990.578125
79.5;-7155.4560546875;3050544.5;1419.8798828125
79.6;-7986.55908203125;3281314;1780.0751953125
79.7;-8664.666015625;3411132.5;2014.9287109375
79.8;-9180.376953125;3445425;2072.951171875
79.9;-9547.1376953125;3396385.5;1920.828125
80;-9773.6328125;3281645;1553.0927734375
80.1;-9886.8359375;3121686.5;998.3544921875
80.2;-9909.05078125;2936871;318.47705078125
80.3;-9851.59765625;2744514;-398.753784179688
80.4;-9756.412109375;2556375.5;-1052.09130859375
80.5;-9681.70703125;2377216.5;-1543.134765625
80.6;-9509.958984375;2204708;-1794.50390625
80.7;-9300.201171875;2030881.75;-1763.80041503906
80.8;-9039.6669921875;1844295.75;-1452.2158203125
80.9;-8702.8076171875;1633294.25;-906.377685546875
81;-8280.638671875;1389177;-209.950866699219
81.1;-7769.8212890625;1108790.5;526.2412109375
81.2;-7155.3115234375;796213.125;1186.48046875
81.3;-6452.990234375;463070.4375;1666.10424804688
81.4;-5682.6845703125;127186.3203125;1891.36279296875
81.5;-4871.71923828125;-189645.625;1831.07385253906
81.6;-4051.31713867188;-465098.125;1501.55444335938
81.7;-3254.939453125;-679508.375;963.215576171875
81.8;-2510.14672851563;-819128.625;309.818237304688
81.9;-1810.17065429688;-878058.5;-347.65478515625
82;-1193.37109375;-859212.875;-900.58935546875
82.1;-681.72412109375;-773223.875;-1260.46801757813
82.2;-247.921997070313;-637253.875;-1372.34619140625
82.3;136.089477539063;-471799.125;-1222.47412109375
82.4;493.363647460938;-297682.875;-838.85009765625
82.5;829.010925292969;-133194.65625;-283.955200195313
82.6;1194.7763671875;8076.65625;357.05712890625
82.7;1569.99951171875;118339.5625;991.576293945313
82.8;1963.22290039063;195633.9375;1534.82763671875
82.9;2396.42919921875;242661.15625;1920.52416992188
83;2833.732421875;265234.1875;2109.91650390625
83.1;3294.24365234375;270016.59375;2092.64038085938
83.2;3745.74609375;263104.96875;1883.01708984375
83.3;4183.75;248218.21875;1512.9697265625
83.4;4602.6396484375;226881.5;1023.52978515625
83.5;4993.009765625;198587.6875;453.422424316406
83.6;5330.9931640625;161426.96875;-162.486587524414
83.7;5666.232421875;114230.09375;-797.535766601563
83.8;5957.70361328125;57131.3125;-1433.76745605469
83.9;6200.8125;-7552.9296875;-2053.11010742188
84;6439.20703125;-75077.6953125;-2633.63330078125
84.1;6603.6279296875;-139278.265625;-3144.517578125
84.2;6715.1162109375;-193967.015625;-3542.3291015625
84.3;6742.87109375;-234870.6875;-3773.3466796875
84.4;6692.099609375;-261379.9375;-3779.23974609375
84.5;6555.4716796875;-278021.59375;-3507.01416015625
84.6;6283.6953125;-294414.0625;-2921.8408203125
84.7;6041.7080078125;-325549;-2016.59204101563
84.8;5681.0341796875;-388814.0625;-824.341064453125
84.9;5369.0732421875;-501857.125;582.0205078125
85;5064.2177734375;-679271.875;2091.26220703125
85.1;4796.12890625;-929521.625;3565.14990234375
85.2;4578.5068359375;-1252523;4853.345703125
85.3;4426.34521484375;-1638221.75;5814.24853515625
85.4;4329.07958984375;-2066936;6335.0927734375
85.5;4250.904296875;-2511041.5;6348.427734375
85.6;4170.173828125;-2937839.5;5843.50537109375
85.7;4082.01049804688;-3313414;4868.720703125
85.8;3919.22021484375;-3606512.5;3525.36962890625
85.9;3632.78271484375;-3792249.5;1953.5107421875
86;3251.419921875;-3854688;314.08447265625
86.1;2692.57373046875;-3787595.5;-1235.95849609375
86.2;2044.05126953125;-3594521;-2561.30126953125
86.3;1291.95922851563;-3287173.5;-3566.31591796875
86.4;436.785400390625;-2882515.5;-4203.67578125
86.5;-483.844482421875;-2399833.5;-4474.8310546875
86.6;-1445.87329101563;-1857905.75;-4422.392578125
86.7;-2426.25170898438;-1272766.25;-4119.17626953125
86.8;-3401.41845703125;-656736;-3649.92626953125
86.9;-4355.068359375;-18212.53125;-3096.9189453125
87;-5281.7099609375;636953.25;-2526.02197265625
87.1;-6172.6630859375;1303789.5;-1979.02709960938
87.2;-7018.9775390625;1976199.5;-1472.00146484375
87.3;-7816.892578125;2645111;-1000.12072753906
87.4;-8554.427734375;3297643.5;-546.356079101563
87.5;-9217.123046875;3916987;-92.10107421875
87.6;-9783.5693359375;4483511;371.98876953125
87.7;-10230.49609375;4976721;839.47607421875
87.8;-10536.736328125;5377499;1285.68408203125
87.9;-10683.6494140625;5670759;1669.7587890625
88;-10659.1181640625;5847266;1944.5107421875
88.1;-10458.1884765625;5904630;2064.51025390625
88.2;-10081.216796875;5847405;1999.46533203125
88.3;-9549.0712890625;5685728;1742.14599609375
88.4;-8878.3037109375;5433551;1313.4873046875
88.5;-8099.931640625;5105974;762.1259765625
88.6;-7237.873046875;4716956;157.114501953125
88.7;-6310.00341796875;4277291;-420.824951171875
88.8;-5334.45361328125;3793651;-894.371887207031
88.9;-4329.322265625;3268583;-1201.6904296875
89;-3295.7451171875;2701576.5;-1307.0615234375
89.1;-2236.18530273438;2090962.5;-1206.58166503906
89.2;-1151.62780761719;1436013;-927.659240722656
89.3;-41.3598022460938;739074.75;-522.830444335938
89.4;1083.30712890625;6998.15625;-58.93359375
89.5;2215.76513671875;-748340.875;395.986267089844
89.6;3337.35180664063;-1510558.75;785.099243164063
89.7;4424.47607421875;-2260303.5;1073.05859375
89.8;5453.76318359375;-2977301;1250.64306640625
89.9;6399.4931640625;-3642926.5;1333.69262695313
90;7239.26708984375;-4242205;1357.47204589844
90.1;7958.2236328125;-4765360;1365.10913085938
90.2;8548.873046875;-5208135;1396.22631835938
90.3;9011.2998046875;-5571226;1475.77514648438
90.4;9348.91796875;-5858665;1605.90197753906
90.5;9575.341796875;-6075678;1764.01330566406
90.6;9697.740234375;-6226370;1906.39111328125
90.7;9727.6376953125;-6311788;1976.79418945313
90.8;9656.322265625;-6328912;1919.15991210938
90.9;9501.2900390625;-6270620;1691.7373046875
91;9232.658203125;-6127009;1277.12109375
91.1;8855.7392578125;-5887346;690.837890625
91.2;8354.6982421875;-5542839;-18.87841796875
91.3;7709.74951171875;-5089259;-776.13916015625
91.4;6928.47998046875;-4529118;-1489.72705078125
91.5;6016.4873046875;-3872784;-2068.5146484375
91.6;4989.671875;-3138292;-2437.07861328125
91.7;3877.4736328125;-2349865.5;-2551.123046875
91.8;2714.61328125;-1535417.75;-2405.73046875
91.9;1539.78833007813;-723175.5;-2037.25610351563
92;390.813598632813;61597.5625;-1518.43371582031
92.1;-699.35888671875;799371.25;-945.989624023438
92.2;-1706.90844726563;1478239;-423.860595703125
92.3;-2614.22314453125;2094344;-45.6005859375
92.4;-3420.17626953125;2651054;122.734130859375
92.5;-4131.728515625;3156863.5;52.51953125
92.6;-4761.3466796875;3622445;-242.3505859375
92.7;-5323.466796875;4057699;-707.609130859375
92.8;-5831.9189453125;4468874;-1259.68969726563
92.9;-6292.2587890625;4856935;-1800.69580078125
93;-6710.32177734375;5216691;-2235.16455078125
93.1;-7075.6142578125;5537535;-2486.5615234375
93.2;-7373.6630859375;5805099;-2508.98461914063
93.3;-7591.2783203125;6003662;-2292.41235351563
93.4;-7700.9140625;6118854;-1863.0869140625
93.5;-7748.89208984375;6140219;-1275.80712890625
93.6;-7607.2021484375;6062057;-601.744873046875
93.7;-7348.46533203125;5885106;83.89794921875
93.8;-6966.53125;5615307;715.8623046875
93.9;-6474.53564453125;5262628;1248.138671875
94;-5889.5849609375;4839139;1658.474609375
94.1;-5227.76220703125;4356934;1948.12548828125
94.2;-4507.267578125;3826390;2135.2841796875
94.3;-3738.9306640625;3255258;2247.6416015625
94.4;-2934.35424804688;2648505.5;2311.20751953125
94.5;-2098.93334960938;2009132.75;2342.83447265625
94.6;-1236.55114746094;1339616.5;2345.3525390625
94.7;-350.93701171875;643610.5;2306.81396484375
94.8;551.745971679688;-72466.6953125;2205.81958007813
94.9;1463.154296875;-798449.25;2018.35668945313
95;2367.30859375;-1520343.5;1726.71020507813
95.1;3243.73193359375;-2221070.5;1328.99243164063
95.2;4067.2451171875;-2882197.5;844.07568359375
95.3;4816.48291015625;-3486092.5;312.608154296875
95.4;5468.7646484375;-4018309;-207.0859375
95.5;6003.2802734375;-4469360;-648.798828125
95.6;6411.8974609375;-4835898;-949.67919921875
95.7;6696.22802734375;-5120719;-1063.98193359375
95.8;6862.06787109375;-5331561;-972.95166015625
95.9;6920.0048828125;-5479194;-691.6640625
96;6886.2998046875;-5574617;-268.61279296875
96.1;6779.095703125;-5626520;219.81201171875
96.2;6623.189453125;-5639217;682.93212890625
96.3;6431.1328125;-5611003;1029.33520507813
96.4;6170.748046875;-5534583;1184.94702148438
96.5;5837.89990234375;-5398280;1106.8095703125
96.6;5433.1279296875;-5188238;791.8388671875
96.7;4930.45166015625;-4891520;278.55517578125
96.8;4320.35595703125;-4499162;-358.879150390625
96.9;3591.13500976563;-4008702;-1023.04541015625
97;2748.75268554688;-3425721;-1609.2724609375
97.1;1804.42504882813;-2764074;-2025.0283203125
97.2;781.308410644531;-2044652;-2206.142578125
97.3;-287.758911132813;-1293065;-2128.11499023438
97.4;-1365.26245117188;-536388.25;-1810.2568359375
97.5;-2413.87255859375;200132.3125;-1312.40673828125
97.6;-3397.69653320313;896120.25;-723.566833496094
97.7;-4290.455078125;1538015;-146.407592773438
97.8;-5075.7939453125;2119852;321.452880859375
97.9;-5744.65380859375;2642699.5;603.93212890625
98;-6303.162109375;3112759;659.84228515625
98.1;-6759.32373046875;3538823.5;488.41015625
98.2;-7126.05517578125;3929304;128.349365234375
98.3;-7416.54833984375;4289591;-350.43994140625
98.4;-7640.19580078125;4620343;-860.463134765625
98.5;-7789.712890625;4916650;-1312.73547363281
98.6;-7868.90478515625;5168605;-1631.458984375
98.7;-7864.0087890625;5362891;-1767.28100585938
98.8;-7760.728515625;5485028;-1702.42236328125
98.9;-7537.66796875;5522017;-1451.82763671875
99;-7196.3525390625;5464356;-1057.056640625
99.1;-6732.2294921875;5307908;-576.09912109375
99.2;-6133.7705078125;5054269;-70.59765625
99.3;-5412.9677734375;4710400;404.49267578125
99.4;-4589.18798828125;4287304;810.45068359375
99.5;-3680.28564453125;3798150;1128.646484375
99.6;-2707.03173828125;3256453.5;1359.708984375
99.7;-1691.08117675781;2674339.5;1518.13720703125
99.8;-651.556457519531;2061767;1624.58251953125
99.9;396.533935546875;1426309;1696.77319335938
100;1442.07385253906;774034.25;1743.078125
100.1;2475.82666015625;110764.546875;1758.53076171875
100.2;3488.181640625;-556394.125;1726.07104492188
100.3;4467.10546875;-1217687.75;1621.71704101563
100.4;5397.55078125;-1860041;1422.40222167969
100.5;6260.12451171875;-2467282.5;1116.078125
100.6;7034.9619140625;-3021242.5;709.034790039063
100.7;7696.474609375;-3503635.5;230.446533203125
100.8;8221.6767578125;-3898536.5;-267.91015625
100.9;8586.8046875;-4194695;-717.9716796875
101;8784.5986328125;-4387544;-1045.98681640625
101.1;8813.876953125;-4479959;-1185.9169921875
101.2;8657.3251953125;-4482141;-1094.67236328125
101.3;8392.7138671875;-4409835;-761.66162109375
101.4;8013.265625;-4282330;-216.73193359375
101.5;7583.58154296875;-4118849;471.46337890625
101.6;7076.3046875;-3935472;1202.65063476563
101.7;6547.025390625;-3742800.5;1860.47412109375
101.8;6005.494140625;-3544020.5;2328.53979492188
101.9;5454.6025390625;-3334878.5;2512.49926757813
102;4896.701171875;-3104899.5;2353.17846679688
102.1;4317.4150390625;-2839648;1841.40307617188
102.2;3697.26684570313;-2524218.5;1019.02587890625
102.3;3011.33862304688;-2146445.5;-25.1639404296875
102.4;2245.00341796875;-1700094;-1168.17236328125
102.5;1393.49926757813;-1186765;-2272.216796875
102.6;470.383026123047;-616786.875;-3202.9921875
102.7;-517.326293945313;-8353.765625;-3851.998046875
102.8;-1534.72253417969;614383.875;-4149.23779296875
102.9;-2555.06469726563;1224373.75;-4073.30810546875
103;-3542.74389648438;1794913;-3650.81005859375
103.1;-4458.32666015625;2302823;-2949.537109375
103.2;-5277.64697265625;2730752;-2064.11865234375
103.3;-5977.0693359375;3068489;-1100.93151855469
103.4;-6540.9169921875;3313042;-160.763671875
103.5;-6974.701171875;3467424;675.8759765625
103.6;-7301.14306640625;3538828;1355.46044921875
103.7;-7483.63037109375;3536309.5;1855.2333984375
103.8;-7555.5869140625;3468942.5;2178.47021484375
103.9;-7527.5029296875;3343931.5;2347.927734375
104;-7399.12548828125;3166236;2392.9033203125
104.1;-7179.93603515625;2939076;2341.6162109375
104.2;-6873.810546875;2664626;2211.3857421875
104.3;-6474.9892578125;2346008;2006.244140625
104.4;-5994.4716796875;1988698.25;1719.68310546875
104.5;-5434.568359375;1601778.5;1338.658203125
104.6;-4811.5029296875;1198310;853.65576171875
104.7;-4145.033203125;794800;266.781982421875
104.8;-3458.64599609375;409710.25;-400.41552734375
104.9;-2779.939453125;61239.109375;-1104.97863769531
105;-2129.50390625;-235137;-1784.0224609375
105.1;-1533.69140625;-468894.625;-2362.26318359375
105.2;-1011.43920898438;-636184.375;-2763.37939453125
105.3;-561.314331054688;-740245.875;-2922.9091796875
105.4;-185.858032226563;-791016.5;-2800.8935546875
105.5;101.918701171875;-803291.125;-2390.9599609375
105.6;320.505004882813;-794283;-1723.75659179688
105.7;605.006286621094;-781206.875;-863.639892578125
105.8;803.968505859375;-777632.125;97.1341552734375
105.9;1074.19079589844;-792764.125;1055.80981445313
106;1395.95751953125;-829810;1911.1806640625
106.1;1697.45495605469;-885714.625;2580.02954101563
106.2;2013.49426269531;-953431.125;3009.01953125
106.3;2343.8759765625;-1023283.125;3180.36572265625
106.4;2664.50341796875;-1085621.5;3110.18627929688
106.5;2964.88940429688;-1132978.25;2844.23095703125
106.6;3209.88012695313;-1161634;2443.91455078125
106.7;3437.85400390625;-1171963.25;1975.16662597656
106.8;3652.35864257813;-1168763.75;1493.78845214844
106.9;3718.44995117188;-1158468.5;1034.88549804688
107;3931.1865234375;-1148431.5;612.292846679688
107.1;4028.91137695313;-1143448;213.440063476563
107.2;4152.81103515625;-1145558;-186.967041015625
107.3;4309.9150390625;-1151159.5;-619.395141601563
107.4;4386.029296875;-1152591.5;-1107.20727539063
107.5;4463.2958984375;-1137820.75;-1653.66821289063
107.6;4449.17236328125;-1094069.5;-2236.94580078125
107.7;4383.0419921875;-1009388.75;-2807.779296875
107.8;4221.35986328125;-875895.75;-3295.33984375
107.9;3970.44677734375;-691774.875;-3618.2353515625
108;3621.384765625;-462625.8125;-3700.1689453125
108.1;3188.2705078125;-201272.8125;-3484.740234375
108.2;2697.2216796875;73686.171875;-2949.41357421875
108.3;2173.4482421875;340252.4375;-2113.66088867188
108.4;1627.4892578125;576448.625;-1041.01489257813
108.5;1119.03259277344;763618.5;168.484069824219
108.6;665.683898925781;889094.5;1389.4697265625
108.7;299.949157714844;948388.875;2490.04052734375
108.8;-59.1118774414063;945996;3349.5458984375
108.9;-285.1298828125;893093.5;3879.52197265625
109;-452.682647705078;807436.125;4031.3291015625
109.1;-570.276184082031;709212.75;3806.78173828125
109.2;-663.747314453125;618016.875;3252.48583984375
109.3;-764.908447265625;549973.4375;2453.31298828125
109.4;-945.526977539063;515622.625;1516.03930664063
109.5;-1137.39404296875;518614.6875;553.65185546875
109.6;-1342.32885742188;556074.875;-332.752075195313
109.7;-1569.40893554688;620207.75;-1067.40478515625
109.8;-1772.6396484375;700012.25;-1606.27868652344
109.9;-2019.57641601563;783532.125;-1939.8193359375
110;-2252.19384765625;860636.875;-2086.97338867188
110.1;-2473.0986328125;923984.75;-2086.6728515625
110.2;-2640.15234375;970170.5;-1985.20361328125
110.3;-2770.24584960938;999058.375;-1825.78759765625
110.4;-2869.39453125;1012881.625;-1639.64672851563
110.5;-2995.35693359375;1014480.375;-1442.15087890625
110.6;-3008.59643554688;1006244.5;-1232.17358398438
110.7;-3011.96118164063;987863;-999.665283203125
110.8;-2992.91040039063;956368.75;-730.197143554688
110.9;-2959.76391601563;906232.125;-416.535705566406
111;-2884.2353515625;830468.375;-62.1591796875
111.1;-2771.259765625;722260.125;312.668701171875
111.2;-2609.37670898438;576923.75;674.0302734375
111.3;-2386.8701171875;393524;979.223876953125
111.4;-2108.51611328125;175901.40625;1186.4697265625
111.5;-1782.84057617188;-67197.796875;1264.40454101563
111.6;-1423.06323242188;-323101.625;1200.77770996094
111.7;-1049.42822265625;-576940.125;1008.71801757813
111.8;-682.467346191406;-813904.625;726.893127441406
111.9;-343.894775390625;-1021874.25;414.595031738281
112;-47.7039794921875;-1193248.75;141.310180664063
112.1;204.340209960938;-1326266.25;-26.1527099609375
112.2;406.666381835938;-1424891.25;-37.906982421875
112.3;567.336059570313;-1497832.5;127.387817382813
112.4;699.701293945313;-1556361.25;455.262329101563
112.5;842.202026367188;-1611524.75;895.738525390625
112.6;973.458129882813;-1671411.75;1368.35681152344
112.7;1150.95166015625;-1738776.75;1777.26538085938
112.8;1327.80004882813;-1809444;2025.8466796875
112.9;1525.97912597656;-1872913.5;2036.61853027344
113;1696.48107910156;-1913332.75;1764.57006835938
113.1;1884.32983398438;-1911884.75;1210.91748046875
113.2;2008.82958984375;-1850231.75;421.405822753906
113.3;2041.06298828125;-1714068.5;-514.46142578125
113.4;1980.158203125;-1495726;-1478.69140625
113.5;1813.55200195313;-1196399;-2342.29833984375
113.6;1546.10827636719;-826750.75;-2986.38623046875
113.7;1190.10302734375;-405814.6875;-3319.9873046875
113.8;777.409423828125;41132.8125;-3295.2978515625
113.9;340.189453125;485806;-2915.04833984375
114;-90.5612182617188;900603.5;-2231.28369140625
114.1;-474.773223876953;1262018.25;-1336.861328125
114.2;-774.836791992188;1553105.25;-349.088623046875
114.3;-994.087768554688;1765163.25;607.0625
114.4;-1125.65771484375;1897714;1418.73217773438
114.5;-1148.05078125;1957331.5;2000.62060546875
114.6;-1031.57189941406;1955510;2304.935546875
114.7;-909.585205078125;1906426;2323.626953125
114.8;-741.638427734375;1823635.5;2086.12890625
114.9;-532.625366210938;1718790.75;1649.2705078125
115;-339.149230957031;1600130.75;1084.69116210938
115.1;-141.453857421875;1472139.75;465.749877929688
115.2;42.0643920898438;1336588.5;-143.744354248047
115.3;228.669860839844;1193839;-696.392150878906
115.4;408.126770019531;1044143.25;-1163.5009765625
115.5;571.911560058594;889254.75;-1533.34704589844
115.6;723.601135253906;732968.5;-1804.158203125
115.7;857.672607421875;581287;-1977.97534179688
115.8;964.658386230469;441476.625;-2053.29418945313
115.9;1035.88989257813;320697.375;-2021.71606445313
116;1063.0380859375;224263.0625;-1867.58520507813
116.1;1059.72241210938;154215.375;-1572.345703125
116.2;983.009826660156;108067.046875;-1121.66394042969
116.3;883.649291992188;78922.8359375;-513.838439941406
116.4;762.214965820313;56165.84375;232.518737792969
116.5;665.913879394531;27475.091796875;1073.77368164063
116.6;558.109985351563;-19497.921875;1941.2900390625
116.7;472.499114990234;-93996.96875;2747.45263671875
116.8;443.682556152344;-200275.78125;3396.4921875
116.9;482.643157958984;-336466.625;3798.44140625
117;567.863037109375;-494078.625;3884.10986328125
117.1;689.259643554688;-659213.875;3618.69921875
117.2;835.163940429688;-814735.875;3009.75341796875
117.3;967.471557617188;-942807;2109.49584960938
117.4;1070.80151367188;-1028301.5;1010.20220947266
117.5;1117.81774902344;-1061370.25;-168.542602539063
117.6;1074.58032226563;-1039498;-1296.64282226563
117.7;990.297729492188;-967363.125;-2252.47778320313
117.8;844.036987304688;-857093.625;-2940.0478515625
117.9;664.564575195313;-725967.25;-3303.7470703125
118;466.531005859375;-593393.5;-3332.9931640625
118.1;218.453460693359;-477932.9375;-3063.71484375
118.2;48.1986389160156;-394184.4375;-2566.86767578125
118.3;-83.3588104248047;-350777.8125;-1937.22973632813
118.4;-154.245590209961;-349398.6875;-1272.82885742188
118.5;-242.247894287109;-384905.0625;-661.521118164063
118.6;-278.732421875;-447306.3125;-163.425079345703
118.7;-271.562133789063;-523417.875;193.655578613281
118.8;-262.194732666016;-600145.625;416.147613525391
118.9;-272.009246826172;-666880.5;538.547119140625
119;-303.235900878906;-717333.625;612.187377929688
119.1;-360.939758300781;-750380.5;690.137939453125
119.2;-449.008850097656;-769543.25;813.982177734375
119.3;-560.042236328125;-781617.875;1002.86456298828
119.4;-653.318969726563;-794494.125;1248.08532714844
119.5;-734.78515625;-814487.125;1514.39306640625
119.6;-782.652221679688;-844343;1746.36145019531
119.7;-808.380126953125;-881600.75;1880.54211425781
119.8;-804.178466796875;-918351.75;1861.02758789063
119.9;-785.343505859375;-942161.625;1651.23034667969
120;-738.37158203125;-937938.625;1243.90161132813
