Time (s);Momen Horizontal (N.m);Momen Vertikal (N.m);Momen Torsional (N.m)
0.0;-11109.7333984375;63303840;-17545.2421875
0.5;-10640.3408203125;52725736;-27460.880859375
1;-5253.5439453125;25491172;-32141.5703125
1.5;2497.26611328125;-9236318;-21381.546875
2;10206.8974609375;-41659040;-1022.119140625
2.5;15887.2265625;-63484832;16139.548828125
3;17798.783203125;-70062576;23554.287109375
3.5;15031.5078125;-60839304;23935.4453125
4;8127.34765625;-38768360;22431.189453125
4.5;-1210.42700195313;-9247888;19722.29296875
5;-10852.833984375;21065272;12901.8603515625
5.5;-18931.279296875;45857328;1742.732421875
6;-23870.55078125;60803032;-9782.7890625
6.5;-24399.072265625;64204696;-17191.96875
7;-20243.81640625;56713808;-17642.40625
7.5;-12444.806640625;40921872;-11611.3427734375
8;-2538.24853515625;20776300;-4305.84033203125
8.5;8050.4365234375;583687;-847.39599609375
9;17650.923828125;-16018196;64.8306884765625
9.5;24278.787109375;-26764916;3090.625
10;26608.3671875;-31035516;8336.162109375
10.5;24694.263671875;-29591616;10753.94140625
11;19443.150390625;-24058668;6774.1015625
11.5;11740.625;-16512444;-658.800903320313
12;2395.6884765625;-8970067;-4739.8203125
12.5;-7290.35302734375;-2725848.5;-2785.2548828125
13;-15636.158203125;1855049;895.921875
13.5;-21386.455078125;4932073;1592.15771484375
14;-24115.51171875;6840799;-30.17822265625
14.5;-23824.859375;8015172;-673.936767578125
15;-20624.34765625;8778120;683.052001953125
15.5;-14865.5673828125;9049728;2276.59228515625
16;-7265.44970703125;8383822;1800.29467773438
16.5;1238.88317871094;6292501;-1276.32165527344
17;9682.619140625;2536940;-4936.91943359375
17.5;17110.447265625;-2726403.5;-6647.9228515625
18;22613.5390625;-8914210;-5844.626953125
18.5;25418.103515625;-15062596;-3711.11328125
19;25046.65625;-19928620;-1375.60009765625
19.5;21385.298828125;-22224080;1023.294921875
20;14670.57421875;-21006444;4004.27685546875
20.5;5525.453125;-16019046;7533.736328125
21;-4970.646484375;-7783761;10122.4755859375
21.5;-15319.408203125;2485275;9869.1005859375
22;-23932.265625;13057046;6532.99169921875
22.5;-29463.28125;22007304;1843.43286132813
23;-30956.4609375;27672556;-2256.23583984375
23.5;-27929.775390625;29047960;-4995.8046875
24;-20538.138671875;25990480;-6448.21484375
24.5;-9715.7587890625;19229404;-6636.818359375
25;2940.50756835938;10199757;-5408.74609375
25.5;15459.84375;717373.25;-2860.00439453125
26;25868.93359375;-7427678;435.190612792969
26.5;32488.234375;-12848636;3596.978515625
27;34212.109375;-14833202;5855.564453125
27.5;30720.5390625;-13443766;6819.13427734375
28;22537.8984375;-9426836;6344.5830078125
28.5;10959.4140625;-3985851;4459.6083984375
29;-2190.67431640625;1515031;1584.55590820313
29.5;-14863.708984375;5862020;-1514.451171875
30;-25111.330078125;8240521;-4100.7177734375
30.5;-31425.0859375;8342958;-5628.443359375
31;-32946.71875;6344678;-5840.88916015625
31.5;-29585.6953125;2784488.5;-4933.1083984375
32;-21989.3125;-1624659;-3394.95288085938
32.5;-11407.513671875;-6191552;-1689.21520996094
33;546.406921386719;-10372152;-231.901245117188
33.5;12137.46484375;-13813536;663.268798828125
34;21759.095703125;-16335212;1012.12841796875
34.5;28141.62109375;-17843668;1065.0908203125
35;30515.6484375;-18224574;1075.42431640625
35.5;28662.07421875;-17293634;1326.08056640625
36;22888.20703125;-14815536;2058.986328125
36.5;13998.58984375;-10571834;3222.97094726563
37;3171.06127929688;-4486719;4505.52978515625
37.5;-8187.4228515625;3222584.5;5543.4951171875
38;-18610.71484375;11956848;5976.49560546875
38.5;-26721.947265625;20743748;5515.6328125
39;-31392.802734375;28339644;4102.23046875
39.5;-31909.12890625;33431296;1921.474609375
40;-28043.47265625;34912056;-690.87646484375
40.5;-20133.326171875;32148116;-3297.5888671875
41;-9086.3359375;25166952;-5426.14453125
41.5;3714.6083984375;14728028;-6668.1806640625
42;16531.7421875;2237907.75;-6737.7724609375
42.5;27529.3125;-10487742;-5513.0947265625
43;35023.9765625;-21558980;-3097.8720703125
43.5;37770.015625;-29368920;129.7744140625
44;35164.3046875;-32901236;3533.365234375
44.5;27409.42578125;-31910416;6328.13232421875
45;15468.6591796875;-26930268;7799.990234375
45.5;987.45947265625;-19119200;7575.7236328125
46;-13941.59375;-9987570;5789.1943359375
46.5;-27112.5859375;-1054058.375;3023.47900390625
47;-36532.71484375;6467320;88.78125
47.5;-40760.625;11861636;-2212.712890625
48;-39148.16796875;14982134;-3307.74169921875
48.5;-31954.6484375;16167518;-3037.19091796875
49;-20285.29296875;16043434;-1695.51953125
49.5;-5889.6162109375;15272402;107.083374023438
50;9096.611328125;14327224;1685.52856445313
50.5;22506.806640625;13349384;2479.01440429688
51;32484.451171875;12130966;2155.08544921875
51.5;37762.7578125;10221590;690.964111328125
52;37800.0546875;7126465;-1548.0390625
52.5;32810.2890625;2532602.5;-3901.6708984375
53;23702.162109375;-3506131;-5686.8095703125
53.5;11893.462890625;-10485254;-6387.7958984375
54;-943.65966796875;-17492894;-5714.9443359375
54.5;-13131.982421875;-23378240;-3690.4462890625
55;-23197.609375;-27004148;-730.0361328125
55.5;-30018.15234375;-27517828;2449.17626953125
56;-32925.578125;-24567400;5087.1630859375
56.5;-31766.361328125;-18409028;6654.59423828125
57;-26863.2421875;-9873814;6946.0380859375
57.5;-18928.259765625;-205354.625;5996.49072265625
58;-8967.8779296875;9193892;4046.54418945313
58.5;1810.90405273438;17043602;1567.03002929688
59;12135.4033203125;22423280;-886.826538085938
59.5;20812.1171875;24911928;-2893.67919921875
60;26851.134765625;24603084;-4198.482421875
60.5;29531.607421875;22002048;-4670.8857421875
61;28513.248046875;17841582;-4360.3984375
61.5;23909.333984375;12874578;-3507.68383789063
62;16304.927734375;7700411;-2474.228515625
62.5;6683.29443359375;2675673.25;-1614.12048339844
63;-3681.63452148438;-2076886.5;-1137.88928222656
63.5;-13388.064453125;-6571350;-1053.92700195313
64;-21096.57421875;-10817868;-1214.59814453125
64.5;-25740.53125;-14689962;-1374.07873535156
65;-26704.42578125;-17851572;-1230.43115234375
65.5;-23931.560546875;-19781144;-545.1669921875
66;-17911.7578125;-19888700;715.130615234375
66.5;-9628.716796875;-17703130;2358.26513671875
67;-374.986328125;-13069588;4012.30029296875
67.5;8444.365234375;-6295800;5189.990234375
68;15556.19921875;1806203.5;5421.75
68.5;20015.388671875;10013510;4428.78076171875
69;21356.361328125;16909154;2238.20141601563
69.5;19630.580078125;21180288;-785.682861328125
70;15342.1572265625;21925204;-3985.55859375
70.5;9363.318359375;18891844;-6562.3095703125
71;2701.73583984375;12580280;-7809.1328125
71.5;-3659.16455078125;4176871.5;-7324.60546875
72;-8917.70703125;-4675792;-5134.15185546875
72.5;-12548.3193359375;-12221552;-1715.26843261719
73;-14324.4169921875;-16970364;2116.7919921875
73.5;-14292.6357421875;-18021756;5475.93359375
74;-12707.703125;-15258246;7645.54296875
74.5;-9950.4609375;-9359028;8172.4970703125
75;-6422.728515625;-1635833.25;6924.634765625
75.5;-2503.70288085938;6271536;4179.6943359375
76;1473.32275390625;12763118;596.05224609375
76.5;5223.0146484375;16620540;-2990.30493164063
77;8491.349609375;17245436;-5810.2119140625
77.5;11009.046875;14740862;-7345.4443359375
78;12521.041015625;9825992;-7390.77880859375
78.5;12783.400390625;3616655.5;-6031.4248046875
79;11623.701171875;-2666087;-3636.92846679688
79.5;9014.904296875;-7980896;-838.742004394531
80;5124.599609375;-11673934;1646.75842285156
80.5;329.07958984375;-13562840;3275.63598632813
81;-4809.2265625;-13889396;3811.53100585938
81.5;-9593.046875;-13164166;3329.18603515625
82;-13321.2646484375;-11960186;2158.88720703125
82.5;-15394.3125;-10717930;764.582763671875
83;-15432.82421875;-9618304;-391.211669921875
83.5;-13367.154296875;-8557313;-942.394775390625
84;-9457.345703125;-7221803;-719.642333984375
84.5;-4266.96484375;-5237678;163.458984375
85;1437.17041015625;-2337619.25;1338.69311523438
85.5;6821.9384765625;1503444.25;2337.25537109375
86;11126.6123046875;6013416;2781.69262695313
86.5;13774.73046875;10664196;2515.4189453125
87;14472.1845703125;14799448;1606.68896484375
87.5;13240.8681640625;17810412;274.381469726563
88;10396.5712890625;19304196;-1147.4677734375
88.5;6444.55224609375;19212500;-2225.15625
89;1981.9306640625;17804372;-2555.57763671875
89.5;-2391.73681640625;15595298;-1999.22509765625
90;-6137.0537109375;13175340;-792.90625
90.5;-8873.7265625;11008327;576.0087890625
91;-10373.1875;9263416;1593.22216796875
91.5;-10555.978515625;7737139;1862.56884765625
92;-9467.1689453125;5894985;1169.18115234375
92.5;-7243.9296875;3032468.5;-470.6904296875
93;-4107.3779296875;-1481365.75;-2760.9453125
93.5;-364.947509765625;-7946845;-5132.4052734375
94;3600.08422851563;-16137134;-6863.5986328125
94.5;7322.541015625;-25224980;-7302.1533203125
95;10313.416015625;-33869920;-6075.19140625
95.5;12069.74609375;-40454712;-3203.8671875
96;12180.85546875;-43426032;879.3818359375
96.5;10416.0087890625;-41656536;5407.5908203125
97;6777.6884765625;-34743648;9437.1865234375
97.5;1572.560546875;-23165028;12064.66796875
98;-4604.34423828125;-8250147;12656.1962890625
98.5;-10884.9091796875;8033272;11046.52734375
99;-16271.5341796875;23434460;7620.8984375
99.5;-19786.64453125;35833744;3213.16479492188
100;-20642.599609375;43631544;-1145.78369140625
100.5;-18425.36328125;46019824;-4556.271484375
101;-13176.34375;43088256;-6495.75732421875
101.5;-5478.03271484375;35743804;-6871.77880859375
102;3662.9755859375;25476472;-5928.4052734375
102.5;12897.7392578125;14030526;-4103.3046875
103;20816.404296875;3060853.25;-1907.16857910156
103.5;26138.23828125;-6146278;174.51904296875
104;27966.48828125;-12834722;1739.6162109375
104.5;25932.5390625;-16800888;2543.4033203125
105;20265.4765625;-18290352;2565.29760742188
105.5;11747.30859375;-17819776;1990.361328125
106;1581.40991210938;-15978856;1129.94909667969
106.5;-8790.556640625;-13275326;313.333862304688
107;-17919.89453125;-10060122;-206.31494140625
107.5;-24580.19921875;-6540192;-309.857055664063
108;-27922.4296875;-2861707.75;-21.3289794921875
108.5;-27580.09375;784571.75;482.362426757813
109;-23696.05078125;4080584;891.9169921875
109.5;-16875.46875;6565732;870.749633789063
110;-8071.11279296875;7702648;220.609985351563
110.5;1562.00927734375;7016528;-1007.14947509766
111;10799.755859375;4263464;-2510.36840820313
111.5;18522.107421875;-420727.5;-3837.57666015625
112;23801.751953125;-6448907;-4531.7080078125
112.5;26015.296875;-12821610;-4240.67138671875
113;24899.5859375;-18284580;-2800.41064453125
113.5;20578.0390625;-21574604;-332.64697265625
114;13545.1494140625;-21702492;2700.73291015625
114.5;4626.79541015625;-18199360;5582.2333984375
115;-5079.10791015625;-11263968;7566.5556640625
115.5;-14338.470703125;-1766650;8131.7861328125
116;-21910.068359375;8898589;7158.8388671875
116.5;-26711.04296875;19082184;4953.57763671875
117;-27967.8046875;27210392;2113.74560546875
117.5;-25342.41015625;32098536;-682.5244140625
118;-19026.265625;33173372;-2822.97412109375
118.5;-9760.2109375;30555020;-3925.533203125
119;1267.427734375;24978072;-3926.28662109375
119.5;12498.0927734375;17578672;-3020.70483398438
120;22313.734375;9607664;-1592.70727539063
120.5;29223.578125;2139417;-103.799072265625
121;32131.54296875;-4142881;1002.60595703125
121.5;30530.59375;-9036564;1393.54345703125
122;24596.34765625;-12763978;931.251098632813
122.5;15156.61328125;-15798932;-271.659790039063
123;3578.53125;-18627130;-1860.93347167969
123.5;-8448.9814453125;-21517360;-3328.876953125
124;-19207.74609375;-24370800;-4161.9130859375
124.5;-27189.67578125;-26697104;-3989.97607421875
125;-31355.640625;-27726008;-2716.8779296875
125.5;-31250.57421875;-26626296;-544.2490234375
126;-27053.96484375;-22770692;2077.822265625
126.5;-19533.046875;-15972378;4560.595703125
127;-9864.330078125;-6623501;6315.50048828125
127.5;539.7861328125;4304847;6883.353515625
128;10265.2392578125;15410548;6045.9638671875
128.5;18107.455078125;25126488;3891.69091796875
129;23224.333984375;32033680;821.293212890625
129.5;25197.10546875;35154864;-2526.85205078125
130;24049.2890625;34149712;-5417.56640625
130.5;20179.615234375;29371884;-7209.1943359375
131;14252.7431640625;21771740;-7527.6689453125
131.5;7087.23583984375;12676122;-6369.46728515625
132;-412.776885986328;3499969.75;-4106.91796875
132.5;-7404.80810546875;-4536031;-1356.28283691406
133;-13137.4091796875;-10616630;1178.03662109375
133.5;-17037.6953125;-14426096;2922.365234375
134;-18739.86328125;-16113610;3578.16723632813
134.5;-18121.515625;-16151248;3176.3935546875
135;-15302.2041015625;-15137550;2040.70153808594
135.5;-10655.6572265625;-13603180;657.261169433594
136;-4781.84765625;-11879370;-484.312133789063
136.5;1568.15441894531;-10056262;-1036.81530761719
137;7544.783203125;-8039070;-888.073486328125
137.5;12337.99609375;-5671249;-178.228393554688
138;15273.130859375;-2876177.75;757.959838867188
138.5;15934.435546875;233784.75;1511.4052734375
139;14234.365234375;3324251.5;1737.35681152344
139.5;10446.45703125;5898151;1280.1943359375
140;5169.2216796875;7436072;235.395141601563
140.5;-762.027709960938;7568926;-1070.16235351563
141;-6412.60400390625;6237905;-2180.01293945313
141.5;-10910.76171875;3775817;-2656.51293945313
142;-13591.970703125;879090.375;-2226.8896484375
142.5;-14108.490234375;-1534792;-881.913330078125
143;-12477.634765625;-2558139.5;1104.47534179688
143.5;-9063.19140625;-1553973;3235.3896484375
144;-4496.642578125;1625249.75;4908.181640625
144.5;457.48291015625;6526958;5568.5341796875
145;5041.35400390625;12134282;4861.439453125
145.5;8636.3935546875;17056158;2745.5087890625
146;10850.8486328125;19833952;-461.8359375
146.5;11564.650390625;19293592;-4124.43505859375
147;10892.6943359375;14859368;-7426.3046875
147.5;9122.677734375;6748534;-9561.42578125
148;6614.4765625;-4009366;-9939.0224609375
148.5;3723.47583007813;-15738234;-8340.4443359375
149;740.396484375;-26435968;-4988.6474609375
149.5;-2140.431640625;-34177696;-510.81591796875
150;-4763.4521484375;-37510784;4199.998046875
150.5;-7081.060546875;-35751068;8183.2353515625
151;-8987.734375;-29112964;10638.7626953125
151.5;-10367.91796875;-18651310;11114.912109375
152;-11069.51171875;-6030091;9615.185546875
152.5;-10904.607421875;6818915;6582.35400390625
153;-9703.7109375;18073760;2767.21362304688
153.5;-7383.69873046875;26339840;-979.5986328125
154;-3995.56494140625;30854804;-3929.56591796875
154.5;230.216796875;31532552;-5641.27392578125
155;4864.9130859375;28870944;-6026.681640625
155.5;9340.6962890625;23748616;-5312.599609375
156;13027.2490234375;17183324;-3929.4599609375
156.5;15339.369140625;10114004;-2363.337890625
157;15856.875;3257884.75;-1023.08642578125
157.5;14411.4375;-2932367;-145.052856445313
158;11128.8544921875;-8220734;238.585876464844
158.5;6413.962890625;-12486170;280.773712158203
159;889.74609375;-15613324;240.19873046875
159.5;-4702.87890625;-17426940;377.6474609375
160;-9638.8974609375;-17693812;853.60888671875
160.5;-13295.7734375;-16199338;1658.57690429688
161;-15261.666015625;-12870530;2606.29125976563
161.5;-15365.8134765625;-7899111;3384.48950195313
162;-13685.54296875;-1817320.875;3653.90771484375
162.5;-10503.10546875;4520519;3159.30590820313
163;-6252.271484375;10054428;1826.30419921875
163.5;-1445.65600585938;13724478;-190.229248046875
164;3395.9541015625;14715908;-2518.91845703125
164.5;7777.15966796875;12679438;-4644.04931640625
165;11264.32421875;7866198;-6025.396484375
165.5;13511.6650390625;1127604;-6235.80859375
166;14265.404296875;-6226672;-5088.73095703125
166.5;13393.31640625;-12693388;-2716.60546875
167;10909.56640625;-16901120;424.423828125
167.5;7002.361328125;-17920072;3639.5283203125
168;2025.48828125;-15480988;6162.255859375
168.5;-3488.041015625;-10045086;7360.92041015625
169;-8866.078125;-2704977.5;6926.0390625
169.5;-13374.3662109375;5061803;4967.91015625
170;-16316.345703125;11726378;1994.11694335938
170.5;-17136.193359375;16052256;-1238.7939453125
171;-15543.755859375;17362116;-3941.28076171875
171.5;-11595.52734375;15667678;-5500.7216796875
172;-5719.33203125;11628874;-5623.09814453125
172.5;1293.546875;6361530;-4374.48486328125
173;8427.1875;1143645.875;-2137.85961914063
173.5;14581.7255859375;-2904318.5;496.058624267578
174;18762.1484375;-5081717;2867.8408203125
174.5;20256.67578125;-5248949;4395.900390625
175;18770.248046875;-3816511;4713.76708984375
175.5;14484.474609375;-1590184;3765.78735351563
176;8038.6005859375;477165.96875;1833.63549804688
176.5;422.075256347656;1565224.5;-534.346923828125
177;-7188.59375;1209702.25;-2675.8203125
177.5;-13637.0771484375;-576474.75;-4008.32373046875
178;-17977.671875;-3324622.5;-4197.041015625
178.5;-19624.87109375;-6253664;-3240.91674804688
179;-18434.3828125;-8500586;-1453.28295898438
179.5;-14693.484375;-9363938;644.34326171875
180;-9083.28515625;-8498739;2474.4921875
180.5;-2495.27368164063;-6007002;3559.31518554688
181;4089.009765625;-2402951.75;3636.23779296875
181.5;9763.4111328125;1533404.5;2714.98754882813
182;13817.763671875;4970829;1068.88256835938
182.5;15829.4404296875;7245564;-842.858459472656
183;15675.34765625;8024657;-2495.845703125
183.5;13527.6533203125;7370417;-3448.00122070313
184;9779.2890625;5689636;-3464.48364257813
184.5;4979.40869140625;3586298.5;-2584.455078125
185;-241.082824707031;1668934.75;-1106.419921875
185.5;-5246.40087890625;364681.34375;505.47998046875
186;-9455.7109375;-199855.5;1765.30029296875
186.5;-12394.0556640625;-217020.09375;2316.12548828125
187;-13732.3359375;-112073.84375;2034.2958984375
187.5;-13311.9140625;-376111.46875;1062.02807617188
188;-11170.1865234375;-1377778.125;-242.131286621094
188.5;-7549.7177734375;-3202022;-1415.599609375
189;-2891.17724609375;-5579187;-2028.38671875
189.5;2202.6865234375;-7923352;-1814.08642578125
190;7041.52880859375;-9479036;-751.65966796875
190.5;10920.1865234375;-9537884;913.24853515625
191;13247.1533203125;-7661461;2721.7626953125
191.5;13623.8837890625;-3850477.5;4120.67919921875
192;11940.26171875;1395974.75;4623.2119140625
192.5;8418.3427734375;7157012;3966.501953125
193;3590.6064453125;12284916;2214.46801757813
193.5;-1774.095703125;15678140;-239.32373046875
194;-6794.912109375;16556440;-2772.8037109375
194.5;-10631.740234375;14671396;-4715.78076171875
195;-12634.5361328125;10388770;-5545.4453125
195.5;-12479.177734375;4615774.5;-5031.41455078125
196;-10222.931640625;-1406889.5;-3293.90185546875
196.5;-6295.89111328125;-6402361;-762.127807617188
197;-1412.77807617188;-9371382;1934.40612792969
197.5;3567.95166015625;-9835086;4119.7041015625
198;7785.14453125;-7949765;5226.859375
198.5;10547.44140625;-4460229;4938.1552734375
199;11451.04296875;-501858.4375;3274.82275390625
199.5;10438.126953125;2693000;609.784057617188
200;7787.19140625;4115457;-2408.01196289063
200.5;4038.96948242188;3238481;-5015.51220703125
201;-121.321594238281;152532.75;-6536.015625
201.5;-4004.56005859375;-4457529.5;-6562.5078125
202;-7046.29541015625;-9488581;-5064.638671875
202.5;-8890.6953125;-13693288;-2392.46166992188
203;-9397.890625;-15991004;828.39404296875
203.5;-8676.5869140625;-15726774;3856.71435546875
204;-6988.95751953125;-12820596;6026.54150390625
204.5;-4699.0712890625;-7770079;6902.04541015625
205;-2178.34228515625;-1513125.875;6372.4755859375
205.5;248.97021484375;4810058;4663.3857421875
206;2353.18212890625;10131252;2261.86279296875
206.5;4003.28466796875;13689630;-217.806427001953
207;5153.3408203125;15173936;-2196.455078125
207.5;5800.0263671875;14742258;-3277.26416015625
208;5965.98876953125;12919956;-3333.62915039063
208.5;5672.9541015625;10414574;-2521.66162109375
209;4941.07177734375;7905309;-1214.00708007813
209.5;3807.60766601563;5865049;121.222045898438
210;2350.58276367188;4466888;1064.90673828125
210.5;700.879272460938;3591015;1360.27978515625
211;-960.14501953125;2927007.5;985.491455078125
211.5;-2413.34912109375;2125147;144.669921875
212;-3441.0029296875;955103.8125;-809.9814453125
212.5;-3878.0693359375;-595422;-1501.20385742188
213;-3654.50073242188;-2302671;-1653.72961425781
213.5;-2824.10717773438;-3782358;-1189.28918457031
214;-1563.18994140625;-4638670;-260.561767578125
214.5;-131.0498046875;-4627277;797.5888671875
215;1148.86694335938;-3787553.5;1566.33459472656
215.5;2013.34680175781;-2486715.25;1679.63354492188
216;2281.04418945313;-1356916.5;953.025756835938
216.5;1911.63354492188;-1128583.375;-536.599670410156
217;1011.06274414063;-2406369;-2445.98950195313
217.5;-201.792846679688;-5448040;-4243.23095703125
218;-1439.65014648438;-10011442;-5347.7978515625
218.5;-2433.4033203125;-15326598;-5294.55712890625
219;-2990.28125;-20210076;-3876.45654296875
219.5;-3041.9072265625;-23309512;-1224.9970703125
220;-2645.6396484375;-23420192;2193.05322265625
220.5;-1970.0595703125;-19802364;5666.31201171875
221;-1244.5703125;-12413302;8399.70703125
221.5;-676.082275390625;-1994280.5;9711.830078125
222;-404.757080078125;10018834;9218.9296875
222.5;-438.46728515625;21752780;6952.49755859375
223;-651.884765625;31262400;3367.4853515625
223.5;-813.2939453125;36926040;-764.86865234375
224;-644.77734375;37782504;-4553.0234375
224.5;74.4111328125;33731456;-7210.4580078125
225;1432.8037109375;25547164;-8234.947265625
225.5;3323.94140625;14712476;-7502.47412109375
226;5445.3037109375;3106941.5;-5267.53369140625
226.5;7374.85546875;-7378188;-2067.1923828125
227;8627.25;-15205200;1385.84326171875
227.5;8792.841796875;-19458116;4351.1396484375
228;7628.640625;-19964032;6228.083984375
228.5;5123.02001953125;-17242312;6669.376953125
229;1548.57495117188;-12321298;5659.8828125
229.5;-2616.39990234375;-6466090;3521.22241210938
230;-6726.703125;-894802.3125;816.6357421875
230.5;-10101.1474609375;3443023;-1809.26049804688
231;-12161.87890625;5994946;-3805.64624023438
231.5;-12536.37890625;6613729;-4866.4296875
232;-11135.67578125;5471239;-4977.9736328125
232.5;-8169.240234375;2922505;-4378.11474609375
233;-4097.021484375;-631224.25;-3440.53125
233.5;435.280517578125;-4830588;-2528.19580078125
234;4733.2548828125;-9382758;-1867.82641601563
234.5;8164.6279296875;-14012824;-1484.1630859375
235;10243.8125;-18386122;-1205.064453125
235.5;10708.0302734375;-22033140;-740.53173828125
236;9540.326171875;-24329036;197.38671875
236.5;6938.806640625;-24548460;1764.64990234375
237;3294.61572265625;-22003224;3891.6923828125
237.5;-874.060546875;-16232552;6263.19921875
238;-5017.6953125;-7198550;8381.4130859375
238.5;-8587.18359375;4576366.5;9697.8916015625
239;-11103.3857421875;17972162;9776.5263671875
239.5;-12192.248046875;31375728;8428.826171875
240;-11635.552734375;42909632;5779.51611328125
240.5;-9369.38671875;50754632;2241.1767578125
241;-5501.365234375;53498752;-1589.73046875
241.5;-341.912109375;50427568;-5075.7177734375
242;5586.69921875;41697600;-7656.3994140625
242.5;11574.7080078125;28336496;-8948.0654296875
243;16822.69921875;12072696;-8784.7734375
243.5;20473.16015625;-4978231;-7234.7802734375
244;21794.173828125;-20692528;-4599.66015625
244.5;20313.7890625;-33307756;-1390.64208984375
245;15939.001953125;-41695904;1743.76916503906
245.5;8981.037109375;-45482656;4163.1015625
246;182.5224609375;-45001368;5383.9228515625
246.5;-9383.09765625;-41103928;5244.041015625
247;-18427.671875;-34883408;3968.84765625
247.5;-25658.994140625;-27396548;2101.9755859375
248;-29953.513671875;-19445876;330.27880859375
248.5;-30577.873046875;-11482907;-743.44580078125
249;-27303.904296875;-3643134;-790.1748046875
249.5;-20481.1875;4118610;145.8095703125
250;-10985.2373046875;11832578;1673.92553710938
250.5;-91.6279296875;19335608;3183.5517578125
251;10720.935546875;26171800;4031.5908203125
251.5;20006.759765625;31601532;3738.43969726563
252;26563.37890625;34732676;2141.86743164063
252.5;29623.185546875;34738184;-533.954345703125
253;28919.544921875;31100000;-3717.0576171875
253.5;24716.24609375;23816592;-6629.73974609375
254;17735.66796875;13503398;-8503.3828125
254.5;9000.173828125;1359952.75;-8798.9873046875
255;-302.22900390625;-11005962;-7365.7734375
255.5;-9010.646484375;-21856820;-4483.7841796875
256;-16131.314453125;-29643856;-784.70361328125
256.5;-20923.234375;-33296908;2928.0341796875
257;-22980.5390625;-32411444;5894.7197265625
257.5;-22263.84375;-27299212;7586.203125
258;-19013.07421875;-18889704;7813.8916015625
258.5;-13726.43359375;-8518174;6735.67919921875
259;-7089.4716796875;2351427.75;4771.5693359375
259.5;113.61767578125;12387088;2465.029296875
260;7073.166015625;20585248;328.0556640625
260.5;13035.7958984375;26365064;-1282.19921875
261;17352.6640625;29538336;-2229.7099609375
261.5;19564.603515625;30203896;-2600.34423828125
262;19430.625;28599360;-2639.3427734375
262.5;16994.119140625;24969116;-2649.552734375
263;12560.2275390625;19497704;-2878.9365234375
263.5;6700.5576171875;12321110;-3429.984375
264;176.366088867188;3616278.5;-4218.17529296875
264.5;-6153.0849609375;-6277697;-4988.7919921875
265;-11465.7490234375;-16752994;-5396.4013671875
265.5;-15082.2177734375;-26894788;-5109.4921875
266;-16597.33984375;-35545300;-3920.8740234375
266.5;-15919.22265625;-41469520;-1829.68896484375
267;-13292.28515625;-43594440;926.1025390625
267.5;-9252.76171875;-41264656;3894.54296875
268;-4512.41015625;-34445940;6494.4638671875
268.5;142.650390625;-23810340;8145.24951171875
269;4001.15087890625;-10679482;8422.8046875
269.5;6569.5322265625;3188987;7193.140625
270;7624.212890625;15914456;4686.5234375
270.5;7254.1279296875;25852920;1468.60888671875
271;5807.6357421875;31909300;-1692.64599609375
271.5;3793.6826171875;33735816;-4032.52416992188
272;1758.8798828125;31764740;-5000.3466796875
272.5;173.4599609375;27072748;-4411.67822265625
273;-671.1484375;21098376;-2490.54956054688
273.5;-696.66943359375;15294330;196.051025390625
274;-22.174072265625;10790103;2890.74340820313
274.5;1075.93334960938;8147417.5;4838.2724609375
275;2260.748046875;7264980;5470.63232421875
275.5;3214.84521484375;7455330.5;4545.927734375
276;3728.0322265625;7667977;2207.61474609375
276.5;3695.796875;6798543;-1046.69580078125
277;3182.36767578125;4007306;-4483.5361328125
277.5;2334.5771484375;-1038713.75;-7314.505859375
278;1332.86315917969;-8058087;-8886.322265625
278.5;329.43212890625;-16198146;-8834.814453125
279;-592.541015625;-24227268;-7162.783203125
279.5;-1434.44140625;-30812948;-4226.1533203125
280;-2261.4365234375;-34813028;-641.6357421875
280.5;-3171.88671875;-35515000;2868.04736328125
281;-4183.3359375;-32761336;5647.64794921875
281.5;-5296.142578125;-26939336;7256.8154296875
282;-6404.8955078125;-18857074;7564.3232421875
282.5;-7311.298828125;-9535233;6753.744140625
283;-7771.2705078125;10115;5243.806640625
283.5;-7543.24267578125;8948010;3547.38549804688
284;-6458.755859375;16722556;2109.517578125
284.5;-4464.00341796875;23053296;1182.80615234375
285;-1677.7509765625;27849484;772.785949707031
285.5;1642.2451171875;31090328;667.822265625
286;5103.5419921875;32712252;538.92578125
286.5;8288.6982421875;32555432;74.05712890625
287;10800.279296875;30389136;-896.3486328125
287.5;12307.7138671875;26011196;-2319.748046875
288;12650.2685546875;19395376;-3920.20458984375
288.5;11804.3447265625;10826005;-5264.89599609375
289;9888.208984375;977110.75;-5890.568359375
289.5;7125.708984375;-9113982;-5454.00048828125
290;3793.97900390625;-18182768;-3859.17041015625
290.5;190.7138671875;-24970072;-1321.5673828125
291;-3404.5068359375;-28488948;1654.97241210938
291.5;-6738.5537109375;-28269488;4389.05908203125
292;-9594.634765625;-24506692;6199.16748046875
292.5;-11759.20703125;-18058992;6594.1748046875
293;-13034.9921875;-10293729;5420.90673828125
293.5;-13248.072265625;-2807737.25;2922.27783203125
294;-12256.4384765625;2922504;-319.6650390625
294.5;-10002.0791015625;5869336;-3534.66064453125
295;-6563.80859375;5682016;-5958.9912109375
295.5;-2192.74780273438;2762976;-7021.24755859375
296;2676.33666992188;-1837094.375;-6469.28564453125
296.5;7458.18115234375;-6676285;-4417.22509765625
297;11484.767578125;-10269158;-1317.8564453125
297.5;14110.4033203125;-11442874;2135.87060546875
298;14869.083984375;-9611894;5157.2265625
298.5;13512.1728515625;-4914830;7043.18408203125
299;10124.943359375;1830355.5;7351.8681640625
299.5;5140.83837890625;9322562;6028.55029296875
300;-711.83447265625;16084984;3432.62158203125
300.5;-6520.7490234375;20806416;242.927490234375
301;-11336.052734375;22622016;-2734.45483398438
301.5;-14340.4287109375;21284352;-4796.5673828125
302;-15007.986328125;17180382;-5530.34423828125
302.5;-13194.0185546875;11198486;-4896.8349609375
303;-9183.5869140625;4493270.5;-3199.00830078125
303.5;-3624.22192382813;-1791147;-960.661560058594
304;2577.98193359375;-6765992;1229.57641601563
304.5;8421.9755859375;-9951658;2870.01928710938
305;12988.236328125;-11308788;3651.9599609375
305.5;15584.7841796875;-11155196;3516.93994140625
306;15844.8193359375;-9998208;2651.28881835938
306.5;13783.4765625;-8344578;1420.49597167969
307;9764.9541015625;-6545111;259.830383300781
307.5;4424.537109375;-4716711;-456.012786865234
308;-1449.126953125;-2767277;-528.224609375
308.5;-7035.689453125;-502549.5;6.76959228515625
309;-11601.896484375;2225476.25;891.131469726563
309.5;-14588.09765625;5375820;1736.53149414063
310;-15660.380859375;8643571;2149.52758789063
310.5;-14727.7353515625;11474612;1861.80322265625
311;-11943.0830078125;13182160;816.759033203125
311.5;-7647.708984375;13129374;-806.255615234375
312;-2346.5859375;10929482;-2635.9599609375
312.5;3340.27978515625;6601220;-4204.67138671875
313;8732.58984375;631645;-5069.919921875
313.5;13154.720703125;-6084877;-4936
314;16007.3564453125;-12420240;-3744.44140625
314.5;16837.48046875;-17262746;-1713.67919921875
315;15411.484375;-19774228;693.41845703125
315.5;11779.2763671875;-19595572;2879.318359375
316;6292.47607421875;-16931864;4273.267578125
316.5;-412.46435546875;-12504808;4507.40869140625
317;-7474.314453125;-7371162;3540.5703125
317.5;-13901.552734375;-2655358.5;1683.16235351563
318;-18734.90234375;729749.5;-488.286376953125
318.5;-21181.2109375;2311043.5;-2309.66235351563
319;-20769.25;2164821;-3224.1767578125
319.5;-17446.75390625;878997.25;-2938.23071289063
320;-11605.3486328125;-615701.875;-1494.06591796875
320.5;-4040.39233398438;-1313441.5;754.64208984375
321;4171.8193359375;-414110.75;3233.9375
321.5;11836.630859375;2434697.5;5288.60595703125
322;17844.359375;7026062;6337.5283203125
322.5;21350.416015625;12616840;6018.44140625
323;21910.544921875;18100196;4297.29638671875
323.5;19550.625;22274236;1503.017578125
324;14748.9130859375;24140544;-1735.0693359375
324.5;8331.732421875;23153856;-4645.0283203125
325;1306.07666015625;19363736;-6526.3271484375
325.5;-5284.81201171875;13402888;-6944.2763671875
326;-10570.513671875;6331624;-5854.2294921875
326.5;-13948.55078125;-620715;-3603.33715820313
327;-15157.8896484375;-6351966;-819.2607421875
327.5;-14272.3330078125;-10141322;1767.81201171875
328;-11648.640625;-11797524;3520.33471679688
328.5;-7826.9638671875;-11664368;4050.275390625
329;-3421.96630859375;-10485486;3302.57177734375
329.5;959.7451171875;-9171616;1550.60717773438
330;4796.8095703125;-8528745;-678.068359375
330.5;7707.3828125;-9034011;-2751.09838867188
331;9446.83203125;-10704629;-4090.259765625
331.5;9888.884765625;-13104152;-4320.265625
332;9056.48828125;-15472550;-3364.68530273438
332.5;7052.29296875;-16946722;-1461.63427734375
333;4084.07153320313;-16800476;903.23828125
333.5;453.9736328125;-14648262;3131.62646484375
334;-3455.62109375;-10548910;4680.1240234375
334.5;-7184.1162109375;-4990819;5209.9990234375
335;-10257.234375;1232269.5;4673.8876953125
335.5;-12215.712890625;7220055;3313.79443359375
336;-12704.16796875;12178030;1569.52465820313
336.5;-11530.1494140625;15588514;-63.3595581054688
337;-8719.3603515625;17287720;-1185.28063964844
337.5;-4547.52490234375;17448770;-1604.06799316406
338;489.62060546875;16461470;-1369.02038574219
338.5;5717.728515625;14776900;-736.15380859375
339;10416.5517578125;12743724;-72.2957763671875
339.5;13899.927734375;10507338;268.336303710938
340;15652.57421875;7995502;60.511474609375
340.5;15428.54296875;4994839;-710.606689453125
341;13262.345703125;1301301.25;-1831.38220214844
341.5;9485.505859375;-3114031;-2911.22705078125
342;4652.65771484375;-7976542;-3495.73876953125
342.5;-559.7294921875;-12672172;-3213.70922851563
343;-5466.357421875;-16321798;-1908.37976074219
343.5;-9472.6875;-17969108;283.791015625
344;-12166.4423828125;-16835332;2939.7099609375
344.5;-13351.5732421875;-12572850;5439.77197265625
345;-13027.7958984375;-5450854;7121.57275390625
345.5;-11368.810546875;3595557;7453.83203125
346;-8652.8017578125;13071388;6186.4091796875
346.5;-5208.62060546875;21184568;3430.27392578125
347;-1350.03125;26208160;-348.8330078125
347.5;2613.58984375;26858816;-4424.9384765625
348;6402.2255859375;22607980;-7967.0791015625
348.5;9734.1806640625;13843376;-10216.20703125
349;12293.1865234375;1844110.5;-10647.03515625
349.5;13760.474609375;-11445776;-9079.02734375
350;13829.396484375;-23783328;-5730.5439453125
350.5;12297.04296875;-33059776;-1195.53955078125
351;9108.3115234375;-37703672;3653.9658203125
351.5;4418.5517578125;-36970872;7848.244140625
352;-1356.423828125;-31051308;10543.75390625
352.5;-7586.2900390625;-20991072;11242.78515625
353;-13468.43359375;-8448925;9930.0830078125
353.5;-18128.65234375;4654513;7069.9384765625
354;-20761.048828125;16490580;3458.71752929688
354.5;-20784.638671875;25628132;-25.61962890625
355;-17950.318359375;31212580;-2677.3173828125
355.5;-12443.70703125;33005268;-4140.47216796875
356;-4882.5732421875;31295756;-4447.11767578125
356.5;3765.37109375;26729772;-3930.29858398438
357;12311.7861328125;20112096;-3056.90380859375
357.5;19527.81640625;12239404;-2249.20849609375
358;24359.734375;3809263;-1758.87255859375
358.5;26074.0234375;-4600090;-1610.58117675781
359;24386.615234375;-12481324;-1630.64038085938
359.5;19496.994140625;-19328568;-1535.92224121094
360;12051.107421875;-24590756;-1052.07104492188
360.5;3035.80078125;-27680216;-30.7353515625
361;-6377.064453125;-28054940;1480.37158203125
361.5;-14993.60546875;-25354168;3228.74584960938
362;-21747.361328125;-19552892;4819.5439453125
362.5;-25840.099609375;-11083274;5827.1611328125
363;-26806.5078125;-871580.75;5919.25048828125
363.5;-24561.63671875;9743544;4949.6494140625
364;-19385.005859375;19200944;3001.50048828125
364.5;-11877.875;25996372;371.847412109375
365;-2890.7451171875;28986116;-2487.74145507813
365.5;6563.3115234375;27637636;-5051.73779296875
366;15409.72265625;22177160;-6813.06591796875
366.5;22591.59375;13569330;-7372.7939453125
367;27190.421875;3348781.5;-6532.33642578125
367.5;28554.193359375;-6685719;-4368.396484375
368;26375.203125;-14832584;-1264.65478515625
368.5;20769.533203125;-19826828;2126.45947265625
369;12311.716796875;-21082736;5024.85302734375
369.5;1983.83447265625;-18775916;6728.11328125
370;-8913.6142578125;-13758474;6830.1318359375
370.5;-18925.62109375;-7319191;5360.59033203125
371;-26632.7734375;-869256.0625;2785.0673828125
371.5;-30867.71875;4390435;-141.553100585938
372;-30911.3203125;7718341;-2619.94116210938
372.5;-26630.2578125;8943470;-4038.25244140625
373;-18539.84375;8438853;-4134.89501953125
373.5;-7742.478515625;6939492;-3030.07861328125
374;4219.6220703125;5287391;-1154.23291015625
374.5;15604.4619140625;4169767.5;889.46875
375;24742.796875;3915969;2487.30078125
375.5;30294.935546875;4416123;3162.45263671875
376;31483.54296875;5176341;2696.3720703125
376.5;28188.03125;5491040;1189.86010742188
377;20981.7265625;4679304;-951.3916015625
377.5;11001.0361328125;2324731;-3121.873046875
378;-245.390502929688;-1568620.75;-4688.3193359375
378.5;-11115.67578125;-6524267;-5179.6953125
379;-20099.0546875;-11686118;-4427.1064453125
379.5;-26034.357421875;-16011280;-2606.845703125
380;-28249.248046875;-18529956;-173.791015625
380.5;-26641.0546875;-18583412;2278.759765625
381;-21619.310546875;-15994116;4184.8779296875
381.5;-14028.896484375;-11113902;5143.08544921875
382;-5001.92529296875;-4739131.5;4993.9208984375
382.5;4236.943359375;2076417;3837.9072265625
383;12511.14453125;8265726;1996.60815429688
383.5;18852.62890625;12985558;-69.9669494628906
384;22579.12109375;15776692;-1871.91784667969
384.5;23370.07421875;16619730;-3006.49609375
385;21242.1328125;15875828;-3262.69677734375
385.5;16564.98828125;14123602;-2673.35693359375
386;9960.265625;11968682;-1508.37719726563
386.5;2277.66479492188;9855888;-187.57666015625
387;-5506.525390625;7960838;846.1669921875
387.5;-12405.013671875;6178843;1266.81176757813
388;-17522.837890625;4213088.5;966.981201171875
388.5;-20175.59375;1731615.875;84.044677734375
389;-19986.23046875;-1455047.75;-1050.59460449219
389.5;-16958.33203125;-5261072;-2018.28540039063
390;-11495.2646484375;-9282594;-2445.01953125
390.5;-4376.85986328125;-12858984;-2114.30615234375
391;3351.86279296875;-15239448;-1038.46325683594
391.5;10528.251953125;-15790430;530.032958984375
392;16034.634765625;-14212328;2151.74755859375
392.5;19012.314453125;-10663772;3312.8359375
393;18976.8515625;-5788099.5;3576.6904296875
393.5;15940.4970703125;-594831.5;2736.37231445313
394;10396.2421875;3767060;909.67236328125
394.5;3256.63232421875;6287473;-1461.56848144531
395;-4319.1669921875;6365557;-3723.49853515625
395.5;-11111.177734375;3983914;-5201.0283203125
396;-16062.26171875;-250065;-5402.7548828125
396.5;-18451.3125;-5221097;-4165.55322265625
397;-18004.875;-9558762;-1700.31103515625
397.5;-14920.8994140625;-11959542;1468.03662109375
398;-9809.935546875;-11511254;4632.6650390625
398.5;-3559.46240234375;-7924439;7069.03466796875
399;2823.3681640625;-1626263.5;8194.8125
399.5;8394.486328125;6316381;7698.73974609375
400;12435.140625;14422544;5623.017578125
400.5;14527.412109375;21128492;2365.95947265625
401;14607.61328125;25129668;-1389.18017578125
401.5;12915.21484375;25658776;-4830.50927734375
402;9898.34765625;22639984;-7215.67138671875
402.5;6103.96923828125;16680482;-8061.78125
403;2081.38061523438;8902483;-7263.4228515625
403.5;-1714.86865234375;676559;-5108.80322265625
404;-4938.41748046875;-6691370;-2192.92529296875
404.5;-7373.88525390625;-12226884;754.589538574219
405;-8912.921875;-15456320;3058.2509765625
405.5;-9511.7470703125;-16432720;4265.14404296875
406;-9195.474609375;-15638848;4242.724609375
406.5;-8010.32080078125;-13788928;3183.50122070313
407;-6059.13720703125;-11601290;1528.6123046875
407.5;-3499.10864257813;-9600860;-175.580688476563
408;-565.636840820313;-8008231;-1434.634765625
408.5;2427.82958984375;-6734761;-1937.41394042969
409;5118.92333984375;-5478683;-1628.91186523438
409.5;7130.263671875;-3881512;-707.2763671875
410;8146.8935546875;-1699811.75;456.869140625
410.5;7971.744140625;1080300.75;1435.67456054688
411;6590.888671875;4201810;1886.69287109375
411.5;4190.9873046875;7197625;1655.29467773438
412;1142.99584960938;9526572;822.753662109375
412.5;-2055.63842773438;10738086;-322.5419921875
413;-4867.5322265625;10623182;-1381.84204101563
413.5;-6827.3876953125;9291154;-1979.94750976563
414;-7613.57373046875;7153723;-1889.16857910156
414.5;-7135.25927734375;4808255.5;-1108.26440429688
415;-5517.203125;2858423;131.94775390625
415.5;-3088.486328125;1725793.75;1431.26342773438
416;-292.071380615234;1497013.375;2336.09619140625
416.5;2399.60888671875;1882891;2473.2314453125
417;4582.4951171875;2276925.5;1672.982421875
417.5;5989.291015625;1935159;36.6370849609375
418;6517.869140625;212486.375;-2060.50805664063
418.5;6228.44140625;-3199952;-4050.33666992188
419;5290.88623046875;-8103792;-5315.291015625
419.5;3915.138671875;-13759524;-5353.93701171875
420;2301.63818359375;-18988864;-3937.53515625
420.5;587.99169921875;-22419116;-1198.5791015625
421;-1145.17822265625;-22806072;2371.89453125
421.5;-2869.49169921875;-19361576;6018.4287109375
422;-4554.3466796875;-12001308;8898.6513671875
422.5;-6126.96484375;-1449118.25;10293.6865234375
423;-7432.6494140625;10841968;9799.9345703125
423.5;-8245.9658203125;22938060;7443.14599609375
424;-8276.265625;32790016;3678.5146484375
424.5;-7257.828125;38640792;-731.65087890625
425;-5028.560546875;39377584;-4909.8056640625
425.5;-1598.49658203125;34756500;-8077.75390625
426;2758.36767578125;25442408;-9714.896484375
426.5;7497.3564453125;12867298;-9634.84765625
427;11896.234375;-1063102.75;-7981.5537109375
427.5;15150.30859375;-14338926;-5164.8173828125
428;16547.81640625;-25209252;-1768.88977050781
428.5;15627.3916015625;-32463712;1556.17651367188
429;12279.2001953125;-35570936;4214.1435546875
429.5;6808.51123046875;-34672312;5784.23193359375
430;-109.78564453125;-30436008;6118.14453125
430.5;-7502.974609375;-23836160;5366.1123046875
431;-14287.7734375;-15918904;3930.44213867188
431.5;-19421.904296875;-7612371;2327.50903320313
432;-22088.31640625;379148.5;1023.39172363281
432.5;-21841.61328125;7581002;290.809143066406
433;-18672.236328125;13685874;140.877044677734
433.5;-13000.6982421875;18457916;344.399536132813
434;-5614.2119140625;21649124;541.378051757813
434.5;2499.79296875;22973588;381.79248046875
435;10263.76171875;22153180;-333.402465820313
435.5;16708.90234375;19019468;-1563.67395019531
436;21062.296875;13645894;-3021.04809570313
436.5;22844.1171875;6455125;-4244.88818359375
437;21902.13671875;-1743218;-4744.6787109375
437.5;18390.75;-9819586;-4168.24951171875
438;12753.6591796875;-16486228;-2440.86328125
438.5;5634.072265625;-20544468;172.224609375
439;-2166.0458984375;-21142852;3112.82275390625
439.5;-9777.810546875;-17997440;5675.93408203125
440;-16340.6982421875;-11499842;7211.89111328125
440.5;-21071.8203125;-2688651;7318.095703125
441;-23354.4765625;6934800;5953.0810546875
441.5;-22798.35546875;15688866;3441.86987304688
442;-19328.009765625;22056324;367.59912109375
442.5;-13204.90234375;24986692;-2590.90625
443;-5065.23193359375;24102920;-4834.92333984375
443.5;4109.7548828125;19752108;-5967.751953125
444;13136.2109375;12894918;-5857.22265625
444.5;20731.546875;4863812;-4638.0615234375
445;25727.064453125;-2954713;-2669.9775390625
445.5;27269.14453125;-9423862;-465.569488525391
446;24980.40625;-13878266;1414.29333496094
446.5;19055.142578125;-16212984;2492.09741210938
447;10253.955078125;-16818670;2505.72412109375
447.5;-194.596923828125;-16390128;1497.98352050781
448;-10755.796875;-15672716;-178.407958984375
448.5;-19858.51953125;-15210112;-1958.80639648438
449;-26146.48046875;-15174002;-3235.42797851563
449.5;-28690.3046875;-15314598;-3545.11474609375
450;-27162.00390625;-15048142;-2703.6611328125
450.5;-21858.62109375;-13653944;-851.755859375
451;-13659.15625;-10523584;1587.16845703125
451.5;-3852.88720703125;-5387254.5;4016.26123046875
452;6074.734375;1538785.75;5814.89111328125
452.5;14694.0078125;9538566;6484.74365234375
453;20857.46875;17514080;5784.37744140625
453.5;23851.083984375;24219532;3803.43872070313
454;23489.38671875;28535360;968.275390625
454.5;20066.81640625;29727332;-2055.21411132813
455;14304.2958984375;27620716;-4533.8896484375
455.5;7153.82568359375;22637508;-5875.23974609375
456;-344.56884765625;15699024;-5798.076171875
456.5;-7227.1416015625;8013055;-4408.35693359375
457;-12698.8828125;801605.25;-2158.72045898438
457.5;-16226.9921875;-4959284;299.96240234375
458;-17543.572265625;-8723978;2310.1494140625
458.5;-16645.70703125;-10445932;3390.3896484375
459;-13760.466796875;-10513414;3349.61938476563
459.5;-9301.2578125;-9590620;2315.35083007813
460;-3807.470703125;-8394042;665.909423828125
460.5;2074.50805664063;-7493910;-1087.25817871094
461;7654.083984375;-7173279;-2449.57666015625
461.5;12261.53125;-7392325;-3075.99926757813
462;15299.8232421875;-7856683;-2854.5205078125
462.5;16322.3046875;-8162889;-1927.81677246094
463;15125.953125;-7967614;-639.365600585938
463.5;11783.607421875;-7128034;572.76708984375
464;6682.4326171875;-5768744.5;1315.92456054688
464.5;487.435424804688;-4245112;1366.70825195313
465;-5927.00244140625;-3026218.25;745.196533203125
465.5;-11609.3662109375;-2521773.25;-292.252197265625
466;-15702.4248046875;-2919609.25;-1334.16064453125
466.5;-17553.7109375;-4073483.75;-1949.5244140625
467;-16870.73046875;-5502909.5;-1823.29296875
467.5;-13766.5615234375;-6487322;-859.43310546875
468;-8745.41015625;-6264954;782.80908203125
468.5;-2618.81005859375;-4261143;2717.91943359375
469;3638.73950195313;-292192.75;4424.6953125
469.5;9075.96484375;5314020.5;5375.60205078125
470;12917.646484375;11724986;5182.462890625
470.5;14698.6494140625;17752104;3722.1171875
471;14339.9677734375;22110276;1207.09301757813
471.5;12117.2412109375;23721740;-1832.43139648438
472;8572.958984375;22003256;-4666.75
472.5;4403.37939453125;17046998;-6553.3427734375
473;282.846801757813;9654879;-6944.9228515625
473.5;-3253.17236328125;1200280.5;-5648.7646484375
474;-5873.69921875;-6655952;-2889.09326171875
474.5;-7484.7119140625;-12323106;738.68603515625
475;-8178.74072265625;-14645374;4411.9521484375
475.5;-8149.4658203125;-13169880;7275.96240234375
476;-7606.30224609375;-8261756;8646.638671875
476.5;-6699.0810546875;-1036606.5;8171.6748046875
477;-5484.5615234375;6876176;5914.72314453125
477.5;-3920.49682617188;13685236;2336.03125
478;-1919.81201171875;17819920;-1824.65625
478.5;565.87841796875;18248404;-5724.298828125
479;3479.6376953125;14679094;-8615.36328125
479.5;6583.72021484375;7585850;-10001.529296875
480;9484.5654296875;-1923511.5;-9720.4091796875
480.5;11667.58203125;-12361438;-7947.19482421875
481;12630.8564453125;-22171428;-5119.6806640625
481.5;11990.4765625;-30008820;-1828.3720703125
482;9581.373046875;-34946780;1317.3017578125
482.5;5545.1484375;-36558840;3821.921875
483;299.9990234375;-34889568;5400.041015625
483.5;-5464.09716796875;-30330032;6019.8896484375
484;-10950.6005859375;-23465676;5879.9267578125
484.5;-15349.2041015625;-14927936;5318.560546875
485;-17993.1953125;-5310567.5;4687.6474609375
485.5;-18464.271484375;4848706;4228.2744140625
486;-16668.99609375;15030216;3992.93359375
486.5;-12842.2236328125;24660156;3836.78564453125
487;-7486.79443359375;33050864;3481.98706054688
487.5;-1281.6796875;39409912;2632.51245117188
488;5053.10791015625;42911640;1103.353515625
488.5;10784.552734375;42846136;-1075.279296875
489;15352.9755859375;38806140;-3619.55712890625
489.5;18343.97265625;30858176;-6027.2646484375
490;19504.68359375;19659986;-7700.259765625
490.5;18746.375;6441978;-8106.26416015625
491;16124.8984375;-7123340;-6956.73046875
491.5;11837.2734375;-19188084;-4326.32373046875
492;6201.005859375;-28056712;-684.154052734375
492.5;-304.199951171875;-32516708;3194.99560546875
493;-7089.1767578125;-32092680;6420.99267578125
493.5;-13444.2978515625;-27149580;8226.89453125
494;-18600.0390625;-18832856;8191.3798828125
494.5;-21824.87890625;-8829393;6354.595703125
495;-22507.109375;976186.25;3202.56616210938
495.5;-20308.505859375;8889180;-480.942138671875
496;-15258.62109375;13732582;-3841.13598632813
496.5;-7818.23193359375;15050456;-6171.23046875
497;1118.90551757813;13140296;-7066.97314453125
497.5;10338.3720703125;8907956;-6482.501953125
498;18455.279296875;3600497;-4702.6748046875
498.5;24166.4140625;-1523977.875;-2247.86376953125
499;26475.484375;-5493880;244.666870117188
499.5;24887.203125;-7828128;2165.876953125
500;19534.091796875;-8581768;3073.76953125
500.5;11166.673828125;-8252892;2804.154296875
501;1042.57861328125;-7571070;1523.060546875
501.5;-9275.748046875;-7240540;-316.414916992188
502;-18179.291015625;-7703462;-2107.30249023438
502.5;-24299.328125;-8991199;-3269.02099609375
503;-26730.671875;-10716074;-3414.91259765625
503.5;-25179.9453125;-12170196;-2454.5673828125
504;-19994.009765625;-12542156;-599.22021484375
504.5;-12071.7177734375;-11153824;1710.23486328125
505;-2705.86059570313;-7668483;3923.9814453125
505.5;6650.75830078125;-2215589.5;5516.8681640625
506;14637.005859375;4613696;6104.7744140625
506.5;20174.390625;11887544;5537.8916015625
507;22617.79296875;18538400;3941.93432617188
507.5;21816.08203125;23600420;1698.92834472656
508;18093.701171875;26420696;-645.52099609375
508.5;12130.568359375;26771480;-2532.15673828125
509;4852.3310546875;24862048;-3548.046875
509.5;-2720.06689453125;21235900;-3550.4609375
510;-9624.71484375;16597700;-2702.78125
510.5;-15039.3330078125;11611822;-1410.2626953125
511;-18350.580078125;6745516;-183.1376953125
511.5;-19205.83203125;2191243;531.8955078125
512;-17522.81640625;-2109628;491.63037109375
512.5;-13498.115234375;-6351113;-276.00927734375
513;-7593.361328125;-10703886;-1483.54858398438
513.5;-508.032653808594;-15153434;-2677.81298828125
514;6874.404296875;-19412904;-3376.39794921875
514.5;13562.958984375;-22927264;-3217.67749023438
515;18594.609375;-24987100;-2081.70141601563
515.5;21142.15234375;-24919576;-149.7177734375
516;20686.09765625;-22309032;2121.96826171875
516.5;17102.072265625;-17177524;4115.4287109375
517;10748.9384765625;-10064919;5231.3408203125
517.5;2454.07373046875;-1988647;5084.005859375
518;-6578.0751953125;5739310;3637.49365234375
518.5;-14955.8076171875;11780904;1233.64624023438
519;-21300.1015625;15071296;-1505.74865722656
519.5;-24517.380859375;15070736;-3866.474609375
520;-23977;11905176;-5248.466796875
520.5;-19678.4296875;6360190;-5321.953125
521;-12250.048828125;-289439.625;-4084.4033203125
521.5;-2860.0361328125;-6552617;-1830.64013671875
522;6986.498046875;-11054974;936.57568359375
522.5;15703.126953125;-12839082;3616.7724609375
523;21907.1953125;-11561910;5627.05908203125
523.5;24663.1171875;-7547415;6516.9228515625
524;23604.90234375;-1681743.5;6078.25341796875
524.5;19012.462890625;4822683;4419.00048828125
525;11724.521484375;10728314;1965.35278320313
525.5;2970.99072265625;15056984;-628.766723632813
526;-5860.04296875;17305840;-2662.1904296875
526.5;-13461.1826171875;17512848;-3591.74462890625
527;-18826.263671875;16191950;-3200.63989257813
527.5;-21374.4453125;14137364;-1658.47387695313
528;-20990.57421875;12165950;538.1650390625
528.5;-17981.75;10862818;2716.4306640625
529;-12965.517578125;10409206;4216.3193359375
529.5;-6723.81689453125;10528139;4565.123046875
530;-66.1405029296875;10572225;3590.484375
530.5;6270.86328125;9718097;1457.97314453125
531;11693.37890625;7222389;-1372.8505859375
531.5;15771.6787109375;2661471.5;-4260.45556640625
532;18216.974609375;-3908338.5;-6535.529296875
532.5;18872.69140625;-11915166;-7666.4482421875
533;17692.02734375;-20370104;-7392.29833984375
533.5;14736.517578125;-28072488;-5789.31201171875
534;10218.4794921875;-33865444;-3249.390625
534.5;4485.376953125;-36880720;-373.6025390625
535;-1919.26513671875;-36709320;2198.2275390625
535.5;-8321.654296875;-33446272;3961.765625
536;-13957.791015625;-27628104;4687.1181640625
536.5;-18094.48046875;-20075640;4440.6806640625
537;-20131.044921875;-11682741;3567.2451171875
537.5;-19708.443359375;-3232608;2535.46240234375
538;-16820.69140625;4729268;1778.01708984375
538.5;-11830.078125;11925218;1551.97631835938
539;-5430.080078125;18282384;1864.15356445313
539.5;1464.71228027344;23810420;2482.35400390625
540;7855.6416015625;28464392;3019.45385742188
540.5;12866.646484375;32040296;3068.18212890625
541;15853.857421875;34154360;2344.75610351563
541.5;16547.00390625;34313480;796.53564453125
542;15051.466796875;32062520;-1349.78955078125
542.5;11795.2470703125;27174600;-3628.8359375
543;7452.58642578125;19817144;-5456.666015625
543.5;2722.47900390625;10639193;-6296.31494140625
544;-1727.14440917969;740143.5;-5822.1728515625
544.5;-5422.693359375;-8494850;-4030.86157226563
545;-8125.025390625;-15657440;-1265.36059570313
545.5;-9790.6708984375;-19630824;1856.85888671875
546;-10531.3681640625;-19862864;4587.650390625
546.5;-10497.8271484375;-16546520;6232.93603515625
547;-9801.1689453125;-10620692;6324.11474609375
547.5;-8458.556640625;-3608509;4743.51220703125
548;-6415.76953125;2698498;1762.86279296875
548.5;-3564.33251953125;6628716;-2007.97900390625
549;124.115859985352;7013480;-5757.1865234375
549.5;4523.65185546875;3463577;-8653.259765625
550;9258.6171875;-3530043.75;-10027.12109375
550.5;13734.4365234375;-12677857;-9516.9296875
551;17194.15625;-22167736;-7145.6787109375
551.5;18853.44921875;-30042632;-3326.3603515625
552;18095.7109375;-34608500;1215.5673828125
552.5;14630.2919921875;-34775496;5586.7314453125
553;8611.083984375;-30264744;8925.529296875
553.5;670.685363769531;-21627724;10608.802734375
554;-8160.697265625;-10097770;10413.6171875
554.5;-16579.265625;2680121;8569.59765625
555;-23250.779296875;14982600;5681.4541015625
555.5;-27034.84765625;25316480;2531.3720703125
556;-27207.40625;32642268;-163.040100097656
556.5;-23588.01953125;36468624;-1946.9345703125
557;-16607.11328125;36824040;-2719.66650390625
557.5;-7221.1298828125;34130220;-2697.21020507813
558;3242.69287109375;29026756;-2275.67041015625
558.5;13307.064453125;22204776;-1860.9775390625
559;21579.07421875;14301464;-1724.43994140625
559.5;26958.23828125;5856984.5;-1920.89807128906
560;28807.626953125;-2643638;-2292.9501953125
560.5;26978.53515625;-10701992;-2540.236328125
561;21824.68359375;-17741392;-2338.72827148438
561.5;14086.025390625;-23086400;-1468.96228027344
562;4767.005859375;-26028068;88.0537109375
562.5;-5020.89453125;-25950612;2113.66455078125
563;-14173.376953125;-22512320;4192.35498046875
563.5;-21692.369140625;-15814910;5821.47998046875
564;-26784.78515625;-6504892;6547.4453125
564.5;-28881.54296875;4229097;6092.7158203125
565;-27683.32421875;14797434;4428.0849609375
565.5;-23196.01953125;23463568;1779.39453125
566;-15759.7783203125;28671376;-1424.86328125
566.5;-6038.3857421875;29362304;-4637.287109375
567;4981.69384765625;25218396;-7287.9287109375
567.5;16009.326171875;16762632;-8874.05078125
568;25635.796875;5279297;-9044.0771484375
568.5;32463.41796875;-7422469;-7677.171875
569;35344.1875;-19354632;-4948.78955078125
569.5;33613.609375;-28740808;-1343.93701171875
570;27212.71484375;-34335600;2403.39013671875
570.5;16820.10546875;-35634084;5479.1337890625
571;3726.61596679688;-32902060;7209.578125
571.5;-10251.232421875;-27041096;7277.7490234375
572;-23074.34765625;-19327360;5833.1083984375
572.5;-32808.0859375;-11088633;3445.52514648438
573;-37927.953125;-3415549.25;915.676513671875
573.5;-37620.8359375;3041314;-989.50048828125
574;-31928.275390625;8130722;-1767.05493164063
574.5;-21752.962890625;12120526;-1310.04638671875
575;-8711.326171875;15504362;98.14453125
575.5;5159.39599609375;18755048;1896.30041503906
576;17726.478515625;22119724;3412.99853515625
576.5;27140.884765625;25475276;4054.333984375
577;32136.1875;28326968;3462.0849609375
577.5;32218.6171875;29928136;1619.265625
578;27652.04296875;29485952;-1126.29931640625
578.5;19448.0859375;26413904;-4141.900390625
579;9060.884765625;20536574;-6679.1953125
579.5;-1829.05200195313;12206690;-8094.01953125
580;-11644.3076171875;2288246.25;-8039.11376953125
580.5;-19114.62109375;-7996790;-6559.396484375
581;-23440.296875;-17303744;-4067.02514648438
581.5;-24341.6328125;-24449836;-1197.89538574219
582;-22018.494140625;-28653612;1380.08459472656
582.5;-17022.791015625;-29673420;3143.36450195313
583;-10181.59375;-27826736;3825.97802734375
583.5;-2401.32177734375;-23866416;3449.61474609375
584;5393.974609375;-18775580;2285.61059570313
584.5;12355.2470703125;-13513046;760.937744140625
585;17749.36328125;-8802495;-651.37646484375
585.5;21009.3984375;-5002739;-1547.31396484375
586;21756.8203125;-2089824.25;-1690.30810546875
586.5;19848.638671875;245756.5;-1065.43408203125
587;15409.4140625;2433285.5;115.992919921875
587.5;8865.37890625;4826140;1480.41125488281
588;940.845825195313;7556123;2600.87841796875
588.5;-7393.46875;10468868;3127.955078125
589;-15018.66015625;13155748;2899.21166992188
589.5;-20827.275390625;15083684;1986.22192382813
590;-23893.95703125;15769912;669.324645996094
590.5;-23653.212890625;14956938;-658.856811523438
591;-20035.267578125;12717750;-1612.55249023438
591.5;-13504.6796875;9477300;-1929.30139160156
592;-5029.55078125;5913682;-1541.08435058594
592.5;4077.12353515625;2776368.5;-590.941772460938
593;12386.05078125;682094.5;599.546142578125
593.5;18597.83203125;-93144;1614.39770507813
594;21794.67578125;301751;2047.330078125
594.5;21595.3046875;1298154.625;1629.05688476563
595;18226.685546875;2056364.5;327.872802734375
595.5;12454.41796875;1696722.75;-1600.99951171875
596;5416.31103515625;-428476.5;-3659.70629882813
596.5;-1622.24731445313;-4507534.5;-5235.1240234375
597;-7521.0625;-10148514;-5779.58544921875
597.5;-11474.306640625;-16406012;-4978.1630859375
598;-13145.3642578125;-21956716;-2852.75122070313
598.5;-12662.873046875;-25393224;236.5322265625
599;-10539.5498046875;-25559532;3674.9658203125
599.5;-7511.46142578125;-21849940;6734.5078125
600;-4322.13671875;-14398172;8738.482421875
